ID,target
0,69
1,17
2,6
3,81
4,71
5,51
6,58
7,21
8,71
9,83
10,87
11,22
12,13
13,69
14,40
15,43
16,92
17,2
18,70
19,53
20,70
21,95
22,48
23,59
24,21
25,94
26,13
27,8
28,35
29,41
30,20
31,61
32,24
33,40
34,33
35,27
36,83
37,62
38,20
39,13
40,64
41,95
42,95
43,23
44,56
45,22
46,48
47,48
48,19
49,15
50,11
51,6
52,9
53,0
54,35
55,35
56,95
57,52
58,21
59,69
60,15
61,91
62,56
63,33
64,48
65,83
66,97
67,24
68,62
69,92
70,58
71,48
72,61
73,51
74,61
75,11
76,82
77,22
78,57
79,61
80,23
81,78
82,70
83,14
84,44
85,13
86,99
87,85
88,57
89,73
90,22
91,9
92,48
93,21
94,48
95,19
96,95
97,86
98,68
99,26
100,34
101,53
102,47
103,41
104,19
105,69
106,76
107,90
108,82
109,17
110,20
111,20
112,91
113,0
114,79
115,49
116,20
117,46
118,89
119,56
120,85
121,70
122,75
123,1
124,33
125,57
126,21
127,75
128,1
129,46
130,20
131,16
132,1
133,39
134,19
135,91
136,60
137,38
138,52
139,73
140,43
141,11
142,52
143,56
144,24
145,95
146,58
147,39
148,51
149,85
150,20
151,22
152,87
153,49
154,20
155,52
156,58
157,20
158,24
159,39
160,97
161,8
162,75
163,40
164,75
165,56
166,70
167,51
168,42
169,83
170,9
171,45
172,51
173,16
174,95
175,53
176,75
177,73
178,14
179,40
180,8
181,75
182,22
183,1
184,6
185,75
186,51
187,95
188,53
189,83
190,87
191,24
192,62
193,58
194,94
195,24
196,93
197,64
198,7
199,87
200,82
201,48
202,68
203,60
204,62
205,71
206,20
207,31
208,46
209,52
210,93
211,98
212,90
213,75
214,97
215,59
216,45
217,93
218,9
219,13
220,16
221,12
222,40
223,51
224,87
225,95
226,0
227,87
228,88
229,71
230,49
231,83
232,59
233,24
234,54
235,54
236,48
237,26
238,82
239,35
240,69
241,24
242,92
243,48
244,20
245,83
246,38
247,44
248,74
249,39
250,58
251,81
252,30
253,5
254,24
255,64
256,8
257,75
258,44
259,51
260,38
261,76
262,48
263,95
264,19
265,40
266,53
267,53
268,6
269,62
270,99
271,75
272,56
273,18
274,37
275,91
276,73
277,47
278,69
279,62
280,39
281,5
282,58
283,86
284,73
285,7
286,6
287,19
288,89
289,26
290,74
291,38
292,87
293,38
294,18
295,12
296,41
297,85
298,48
299,48
300,12
301,69
302,5
303,53
304,23
305,14
306,76
307,43
308,40
309,40
310,21
311,18
312,41
313,14
314,72
315,35
316,95
317,48
318,61
319,8
320,17
321,15
322,54
323,67
324,90
325,84
326,83
327,1
328,76
329,56
330,71
331,0
332,99
333,62
334,58
335,60
336,67
337,91
338,97
339,93
340,22
341,54
342,68
343,62
344,99
345,66
346,21
347,20
348,61
349,4
350,68
351,77
352,69
353,48
354,48
355,87
356,66
357,14
358,98
359,42
360,64
361,39
362,49
363,94
364,21
365,61
366,88
367,54
368,81
369,99
370,87
371,33
372,40
373,75
374,58
375,86
376,24
377,0
378,94
379,6
380,48
381,14
382,41
383,34
384,69
385,78
386,99
387,95
388,75
389,61
390,48
391,24
392,43
393,95
394,48
395,44
396,29
397,60
398,52
399,87
400,40
401,85
402,15
403,69
404,62
405,77
406,95
407,16
408,75
409,75
410,40
411,0
412,60
413,29
414,69
415,86
416,2
417,48
418,53
419,78
420,21
421,84
422,88
423,42
424,60
425,31
426,19
427,40
428,99
429,86
430,20
431,53
432,69
433,40
434,41
435,19
436,38
437,73
438,22
439,10
440,86
441,5
442,56
443,90
444,6
445,85
446,77
447,7
448,29
449,13
450,40
451,98
452,10
453,41
454,11
455,9
456,54
457,27
458,7
459,25
460,13
461,87
462,76
463,87
464,14
465,44
466,6
467,49
468,82
469,0
470,74
471,97
472,77
473,48
474,95
475,70
476,51
477,88
478,55
479,84
480,48
481,75
482,10
483,79
484,0
485,99
486,79
487,87
488,98
489,95
490,88
491,94
492,60
493,24
494,39
495,99
496,1
497,18
498,89
499,71
500,97
501,61
502,90
503,9
504,21
505,41
506,21
507,58
508,47
509,93
510,68
511,11
512,98
513,73
514,61
515,53
516,73
517,89
518,83
519,54
520,27
521,2
522,58
523,87
524,62
525,13
526,73
527,88
528,31
529,51
530,56
531,1
532,66
533,76
534,98
535,14
536,76
537,75
538,86
539,82
540,6
541,54
542,98
543,37
544,73
545,30
546,13
547,54
548,71
549,80
550,52
551,46
552,99
553,97
554,48
555,94
556,62
557,6
558,35
559,1
560,75
561,50
562,20
563,62
564,63
565,91
566,61
567,39
568,86
569,19
570,53
571,68
572,58
573,29
574,99
575,76
576,2
577,14
578,81
579,67
580,95
581,87
582,83
583,10
584,57
585,24
586,54
587,78
588,20
589,98
590,56
591,81
592,91
593,56
594,89
595,24
596,95
597,73
598,1
599,50
600,75
601,79
602,6
603,86
604,98
605,54
606,66
607,98
608,97
609,79
610,45
611,82
612,58
613,20
614,0
615,48
616,28
617,88
618,22
619,13
620,93
621,39
622,69
623,54
624,49
625,77
626,48
627,51
628,93
629,82
630,40
631,60
632,22
633,86
634,62
635,60
636,10
637,29
638,26
639,84
640,87
641,48
642,85
643,95
644,81
645,90
646,41
647,94
648,7
649,87
650,51
651,13
652,22
653,85
654,51
655,0
656,89
657,87
658,56
659,51
660,41
661,30
662,94
663,31
664,87
665,82
666,91
667,97
668,99
669,75
670,99
671,93
672,83
673,30
674,73
675,28
676,79
677,91
678,13
679,68
680,51
681,14
682,54
683,83
684,97
685,99
686,16
687,21
688,95
689,78
690,69
691,84
692,40
693,62
694,75
695,87
696,88
697,25
698,73
699,48
700,24
701,14
702,69
703,1
704,41
705,39
706,85
707,85
708,48
709,90
710,97
711,12
712,22
713,1
714,82
715,53
716,7
717,19
718,39
719,77
720,64
721,76
722,60
723,40
724,54
725,73
726,22
727,75
728,62
729,75
730,22
731,6
732,75
733,58
734,94
735,88
736,69
737,24
738,0
739,57
740,1
741,24
742,78
743,40
744,22
745,41
746,41
747,18
748,20
749,82
750,74
751,75
752,48
753,92
754,31
755,71
756,56
757,85
758,10
759,24
760,41
761,94
762,96
763,60
764,38
765,77
766,82
767,90
768,54
769,90
770,76
771,39
772,95
773,24
774,7
775,75
776,54
777,84
778,13
779,70
780,12
781,66
782,82
783,88
784,87
785,60
786,22
787,8
788,82
789,83
790,48
791,66
792,29
793,53
794,58
795,58
796,13
797,94
798,62
799,81
800,53
801,23
802,98
803,7
804,41
805,78
806,22
807,53
808,48
809,97
810,2
811,90
812,34
813,52
814,19
815,93
816,14
817,61
818,62
819,7
820,88
821,19
822,81
823,9
824,71
825,54
826,53
827,53
828,34
829,30
830,11
831,82
832,75
833,19
834,48
835,69
836,49
837,71
838,93
839,17
840,35
841,53
842,46
843,90
844,52
845,66
846,46
847,48
848,53
849,21
850,46
851,54
852,14
853,69
854,87
855,62
856,48
857,1
858,24
859,95
860,99
861,96
862,16
863,67
864,9
865,40
866,98
867,68
868,24
869,53
870,78
871,88
872,38
873,53
874,14
875,34
876,48
877,20
878,92
879,36
880,20
881,98
882,69
883,14
884,70
885,26
886,46
887,2
888,78
889,69
890,35
891,18
892,48
893,81
894,56
895,37
896,39
897,19
898,37
899,7
900,75
901,42
902,35
903,16
904,33
905,99
906,5
907,20
908,73
909,42
910,27
911,87
912,39
913,56
914,52
915,21
916,46
917,87
918,75
919,19
920,29
921,56
922,87
923,48
924,48
925,51
926,38
927,13
928,83
929,27
930,83
931,71
932,41
933,60
934,22
935,23
936,38
937,42
938,54
939,29
940,71
941,54
942,92
943,13
944,68
945,46
946,13
947,80
948,1
949,37
950,13
951,99
952,16
953,51
954,1
955,12
956,71
957,87
958,30
959,34
960,19
961,59
962,95
963,88
964,54
965,49
966,76
967,52
968,1
969,34
970,60
971,51
972,87
973,24
974,87
975,69
976,93
977,95
978,92
979,89
980,46
981,78
982,43
983,78
984,86
985,61
986,46
987,98
988,87
989,86
990,90
991,33
992,89
993,37
994,83
995,48
996,36
997,76
998,83
999,91
1000,12
1001,49
1002,94
1003,53
1004,95
1005,13
1006,41
1007,93
1008,30
1009,82
1010,0
1011,58
1012,98
1013,27
1014,70
1015,9
1016,90
1017,75
1018,43
1019,90
1020,4
1021,52
1022,51
1023,29
1024,71
1025,13
1026,39
1027,0
1028,24
1029,41
1030,21
1031,16
1032,81
1033,99
1034,90
1035,80
1036,90
1037,73
1038,11
1039,73
1040,86
1041,61
1042,53
1043,56
1044,82
1045,57
1046,69
1047,16
1048,78
1049,62
1050,9
1051,17
1052,24
1053,73
1054,20
1055,72
1056,48
1057,78
1058,17
1059,95
1060,46
1061,89
1062,92
1063,13
1064,68
1065,36
1066,61
1067,26
1068,81
1069,48
1070,41
1071,63
1072,45
1073,24
1074,17
1075,69
1076,87
1077,68
1078,7
1079,40
1080,78
1081,48
1082,1
1083,90
1084,26
1085,19
1086,73
1087,73
1088,60
1089,52
1090,29
1091,99
1092,75
1093,93
1094,56
1095,70
1096,48
1097,53
1098,40
1099,68
1100,27
1101,31
1102,36
1103,26
1104,76
1105,33
1106,54
1107,60
1108,82
1109,49
1110,1
1111,92
1112,94
1113,69
1114,24
1115,53
1116,87
1117,53
1118,40
1119,87
1120,21
1121,94
1122,82
1123,48
1124,75
1125,75
1126,46
1127,16
1128,13
1129,60
1130,9
1131,95
1132,59
1133,51
1134,82
1135,41
1136,0
1137,62
1138,92
1139,66
1140,54
1141,76
1142,20
1143,41
1144,52
1145,40
1146,11
1147,58
1148,90
1149,63
1150,10
1151,15
1152,48
1153,90
1154,66
1155,41
1156,75
1157,62
1158,52
1159,53
1160,58
1161,18
1162,48
1163,5
1164,93
1165,26
1166,86
1167,24
1168,46
1169,75
1170,46
1171,83
1172,51
1173,46
1174,76
1175,64
1176,3
1177,38
1178,60
1179,42
1180,69
1181,51
1182,14
1183,67
1184,29
1185,48
1186,29
1187,56
1188,56
1189,27
1190,75
1191,99
1192,39
1193,83
1194,68
1195,93
1196,14
1197,48
1198,52
1199,75
1200,43
1201,48
1202,14
1203,35
1204,48
1205,17
1206,84
1207,90
1208,11
1209,6
1210,81
1211,19
1212,58
1213,60
1214,20
1215,61
1216,75
1217,31
1218,85
1219,36
1220,90
1221,69
1222,1
1223,60
1224,34
1225,92
1226,37
1227,13
1228,36
1229,93
1230,42
1231,82
1232,16
1233,48
1234,38
1235,39
1236,54
1237,23
1238,11
1239,48
1240,79
1241,81
1242,17
1243,86
1244,24
1245,83
1246,40
1247,17
1248,6
1249,28
1250,98
1251,52
1252,24
1253,46
1254,14
1255,54
1256,10
1257,1
1258,54
1259,2
1260,82
1261,37
1262,64
1263,29
1264,39
1265,53
1266,66
1267,95
1268,52
1269,20
1270,98
1271,58
1272,87
1273,75
1274,84
1275,56
1276,31
1277,48
1278,92
1279,93
1280,60
1281,19
1282,37
1283,64
1284,56
1285,73
1286,41
1287,48
1288,39
1289,41
1290,24
1291,49
1292,76
1293,56
1294,35
1295,99
1296,17
1297,64
1298,95
1299,88
1300,54
1301,24
1302,31
1303,91
1304,0
1305,90
1306,9
1307,95
1308,83
1309,14
1310,53
1311,69
1312,48
1313,88
1314,26
1315,7
1316,14
1317,70
1318,16
1319,40
1320,34
1321,48
1322,71
1323,87
1324,8
1325,75
1326,91
1327,58
1328,21
1329,12
1330,70
1331,20
1332,51
1333,5
1334,29
1335,47
1336,61
1337,1
1338,87
1339,28
1340,86
1341,20
1342,98
1343,75
1344,6
1345,58
1346,41
1347,48
1348,11
1349,78
1350,6
1351,46
1352,37
1353,39
1354,76
1355,68
1356,84
1357,22
1358,17
1359,65
1360,47
1361,12
1362,94
1363,87
1364,76
1365,29
1366,87
1367,61
1368,83
1369,52
1370,51
1371,46
1372,89
1373,0
1374,97
1375,29
1376,88
1377,86
1378,73
1379,74
1380,53
1381,25
1382,8
1383,13
1384,87
1385,29
1386,37
1387,54
1388,14
1389,87
1390,48
1391,41
1392,98
1393,73
1394,68
1395,47
1396,12
1397,97
1398,48
1399,81
1400,74
1401,15
1402,46
1403,88
1404,48
1405,88
1406,37
1407,51
1408,48
1409,88
1410,41
1411,80
1412,17
1413,75
1414,95
1415,94
1416,47
1417,52
1418,5
1419,9
1420,87
1421,68
1422,57
1423,98
1424,83
1425,88
1426,83
1427,58
1428,22
1429,65
1430,87
1431,97
1432,18
1433,43
1434,20
1435,86
1436,91
1437,49
1438,9
1439,34
1440,32
1441,0
1442,37
1443,99
1444,46
1445,58
1446,44
1447,61
1448,52
1449,91
1450,3
1451,56
1452,99
1453,8
1454,51
1455,75
1456,62
1457,53
1458,17
1459,28
1460,16
1461,98
1462,46
1463,48
1464,13
1465,49
1466,95
1467,19
1468,98
1469,8
1470,9
1471,25
1472,62
1473,70
1474,51
1475,16
1476,56
1477,95
1478,13
1479,86
1480,7
1481,58
1482,13
1483,58
1484,92
1485,53
1486,62
1487,9
1488,84
1489,48
1490,97
1491,58
1492,22
1493,35
1494,54
1495,17
1496,66
1497,33
1498,43
1499,48
1500,41
1501,52
1502,66
1503,89
1504,48
1505,14
1506,20
1507,13
1508,94
1509,6
1510,84
1511,58
1512,95
1513,35
1514,9
1515,15
1516,58
1517,21
1518,83
1519,66
1520,29
1521,30
1522,69
1523,75
1524,75
1525,20
1526,51
1527,29
1528,41
1529,48
1530,21
1531,98
1532,13
1533,54
1534,69
1535,47
1536,1
1537,57
1538,13
1539,73
1540,94
1541,11
1542,16
1543,13
1544,52
1545,48
1546,61
1547,58
1548,87
1549,58
1550,82
1551,49
1552,17
1553,67
1554,87
1555,24
1556,14
1557,75
1558,56
1559,22
1560,62
1561,20
1562,9
1563,17
1564,31
1565,59
1566,52
1567,46
1568,58
1569,51
1570,13
1571,78
1572,51
1573,95
1574,18
1575,29
1576,30
1577,95
1578,1
1579,20
1580,68
1581,48
1582,52
1583,48
1584,6
1585,24
1586,87
1587,51
1588,93
1589,83
1590,19
1591,75
1592,24
1593,82
1594,16
1595,95
1596,57
1597,41
1598,53
1599,39
1600,71
1601,95
1602,97
1603,82
1604,68
1605,56
1606,23
1607,48
1608,53
1609,48
1610,20
1611,80
1612,24
1613,69
1614,29
1615,44
1616,89
1617,17
1618,34
1619,75
1620,97
1621,21
1622,21
1623,48
1624,48
1625,61
1626,77
1627,41
1628,13
1629,69
1630,54
1631,70
1632,21
1633,87
1634,3
1635,13
1636,52
1637,58
1638,40
1639,17
1640,56
1641,94
1642,39
1643,27
1644,33
1645,98
1646,26
1647,33
1648,62
1649,48
1650,53
1651,51
1652,20
1653,51
1654,48
1655,13
1656,48
1657,25
1658,61
1659,56
1660,68
1661,34
1662,58
1663,82
1664,87
1665,11
1666,76
1667,67
1668,58
1669,2
1670,90
1671,45
1672,3
1673,48
1674,48
1675,8
1676,98
1677,57
1678,3
1679,48
1680,57
1681,56
1682,70
1683,96
1684,37
1685,40
1686,66
1687,94
1688,78
1689,58
1690,22
1691,13
1692,75
1693,58
1694,90
1695,33
1696,21
1697,99
1698,89
1699,24
1700,40
1701,22
1702,1
1703,29
1704,69
1705,18
1706,53
1707,75
1708,85
1709,13
1710,14
1711,24
1712,53
1713,82
1714,22
1715,21
1716,30
1717,94
1718,56
1719,0
1720,13
1721,26
1722,95
1723,79
1724,52
1725,14
1726,92
1727,73
1728,7
1729,22
1730,98
1731,88
1732,24
1733,81
1734,45
1735,99
1736,48
1737,69
1738,0
1739,44
1740,86
1741,85
1742,54
1743,53
1744,30
1745,12
1746,3
1747,75
1748,73
1749,96
1750,73
1751,40
1752,75
1753,8
1754,75
1755,51
1756,13
1757,29
1758,95
1759,1
1760,6
1761,58
1762,88
1763,52
1764,20
1765,62
1766,20
1767,14
1768,52
1769,95
1770,12
1771,51
1772,5
1773,29
1774,59
1775,48
1776,31
1777,56
1778,75
1779,14
1780,92
1781,82
1782,33
1783,88
1784,86
1785,87
1786,41
1787,26
1788,15
1789,83
1790,13
1791,53
1792,5
1793,84
1794,14
1795,51
1796,19
1797,58
1798,45
1799,34
1800,11
1801,29
1802,68
1803,52
1804,14
1805,21
1806,6
1807,9
1808,20
1809,86
1810,73
1811,41
1812,41
1813,5
1814,48
1815,69
1816,95
1817,15
1818,82
1819,9
1820,97
1821,61
1822,43
1823,77
1824,54
1825,12
1826,51
1827,94
1828,56
1829,48
1830,56
1831,95
1832,17
1833,11
1834,48
1835,15
1836,38
1837,94
1838,24
1839,84
1840,95
1841,21
1842,9
1843,21
1844,73
1845,28
1846,13
1847,26
1848,40
1849,21
1850,7
1851,98
1852,73
1853,21
1854,53
1855,52
1856,56
1857,28
1858,37
1859,53
1860,12
1861,24
1862,94
1863,53
1864,89
1865,1
1866,61
1867,7
1868,69
1869,99
1870,53
1871,87
1872,78
1873,56
1874,69
1875,41
1876,60
1877,82
1878,53
1879,68
1880,78
1881,89
1882,78
1883,75
1884,53
1885,95
1886,37
1887,99
1888,28
1889,62
1890,23
1891,52
1892,24
1893,7
1894,27
1895,86
1896,56
1897,21
1898,76
1899,7
1900,13
1901,88
1902,29
1903,22
1904,37
1905,93
1906,52
1907,20
1908,86
1909,94
1910,40
1911,60
1912,34
1913,58
1914,14
1915,88
1916,91
1917,26
1918,2
1919,24
1920,75
1921,51
1922,56
1923,75
1924,58
1925,0
1926,43
1927,25
1928,86
1929,39
1930,87
1931,57
1932,9
1933,78
1934,75
1935,69
1936,87
1937,22
1938,91
1939,18
1940,97
1941,57
1942,18
1943,36
1944,40
1945,26
1946,89
1947,20
1948,5
1949,78
1950,17
1951,14
1952,10
1953,45
1954,75
1955,99
1956,93
1957,27
1958,38
1959,83
1960,35
1961,19
1962,49
1963,39
1964,88
1965,22
1966,53
1967,70
1968,41
1969,2
1970,10
1971,14
1972,95
1973,75
1974,69
1975,41
1976,48
1977,95
1978,46
1979,26
1980,37
1981,86
1982,22
1983,35
1984,38
1985,87
1986,95
1987,57
1988,95
1989,84
1990,14
1991,7
1992,40
1993,99
1994,54
1995,78
1996,13
1997,10
1998,12
1999,88
2000,54
2001,41
2002,8
2003,75
2004,52
2005,75
2006,0
2007,83
2008,73
2009,6
2010,36
2011,9
2012,58
2013,96
2014,24
2015,1
2016,26
2017,53
2018,92
2019,48
2020,46
2021,75
2022,24
2023,39
2024,95
2025,90
2026,46
2027,86
2028,24
2029,89
2030,95
2031,48
2032,81
2033,48
2034,0
2035,16
2036,37
2037,60
2038,9
2039,78
2040,12
2041,21
2042,14
2043,9
2044,36
2045,27
2046,1
2047,78
2048,48
2049,53
2050,41
2051,15
2052,73
2053,49
2054,95
2055,39
2056,18
2057,86
2058,82
2059,79
2060,12
2061,15
2062,5
2063,90
2064,21
2065,90
2066,48
2067,65
2068,13
2069,57
2070,46
2071,14
2072,41
2073,54
2074,9
2075,27
2076,10
2077,0
2078,74
2079,7
2080,48
2081,20
2082,58
2083,36
2084,52
2085,95
2086,20
2087,59
2088,57
2089,1
2090,26
2091,71
2092,31
2093,14
2094,40
2095,87
2096,87
2097,75
2098,48
2099,7
2100,58
2101,45
2102,38
2103,26
2104,9
2105,56
2106,20
2107,75
2108,20
2109,84
2110,7
2111,17
2112,93
2113,75
2114,52
2115,54
2116,38
2117,73
2118,28
2119,66
2120,41
2121,16
2122,27
2123,48
2124,16
2125,88
2126,81
2127,48
2128,22
2129,16
2130,21
2131,1
2132,36
2133,73
2134,16
2135,71
2136,66
2137,62
2138,95
2139,96
2140,38
2141,24
2142,14
2143,24
2144,59
2145,15
2146,13
2147,45
2148,78
2149,95
2150,47
2151,46
2152,20
2153,68
2154,87
2155,75
2156,95
2157,56
2158,38
2159,59
2160,43
2161,16
2162,98
2163,24
2164,87
2165,95
2166,39
2167,29
2168,40
2169,22
2170,13
2171,22
2172,78
2173,39
2174,86
2175,53
2176,57
2177,48
2178,87
2179,48
2180,21
2181,73
2182,15
2183,56
2184,63
2185,34
2186,73
2187,13
2188,31
2189,27
2190,51
2191,95
2192,65
2193,87
2194,48
2195,87
2196,23
2197,91
2198,25
2199,82
2200,56
2201,21
2202,99
2203,37
2204,45
2205,66
2206,59
2207,76
2208,95
2209,16
2210,1
2211,39
2212,86
2213,36
2214,90
2215,78
2216,24
2217,81
2218,91
2219,35
2220,54
2221,21
2222,45
2223,43
2224,99
2225,93
2226,95
2227,51
2228,13
2229,82
2230,42
2231,35
2232,19
2233,56
2234,82
2235,60
2236,68
2237,22
2238,83
2239,53
2240,7
2241,14
2242,75
2243,92
2244,73
2245,10
2246,28
2247,71
2248,20
2249,42
2250,17
2251,13
2252,85
2253,7
2254,87
2255,83
2256,99
2257,91
2258,68
2259,92
2260,56
2261,66
2262,87
2263,22
2264,98
2265,66
2266,18
2267,89
2268,75
2269,89
2270,13
2271,0
2272,99
2273,15
2274,53
2275,91
2276,3
2277,69
2278,7
2279,95
2280,95
2281,26
2282,27
2283,83
2284,81
2285,17
2286,60
2287,21
2288,43
2289,12
2290,54
2291,46
2292,94
2293,54
2294,11
2295,40
2296,80
2297,85
2298,16
2299,51
2300,20
2301,66
2302,10
2303,45
2304,49
2305,51
2306,48
2307,49
2308,73
2309,19
2310,98
2311,49
2312,88
2313,54
2314,75
2315,19
2316,0
2317,51
2318,75
2319,69
2320,12
2321,91
2322,67
2323,76
2324,95
2325,67
2326,73
2327,53
2328,92
2329,48
2330,12
2331,89
2332,18
2333,99
2334,16
2335,60
2336,34
2337,86
2338,1
2339,75
2340,87
2341,88
2342,75
2343,6
2344,85
2345,5
2346,95
2347,88
2348,99
2349,14
2350,76
2351,93
2352,48
2353,93
2354,69
2355,52
2356,88
2357,78
2358,41
2359,58
2360,31
2361,73
2362,87
2363,90
2364,16
2365,35
2366,81
2367,7
2368,5
2369,68
2370,48
2371,39
2372,85
2373,76
2374,51
2375,0
2376,90
2377,1
2378,5
2379,56
2380,41
2381,0
2382,91
2383,59
2384,48
2385,58
2386,5
2387,10
2388,98
2389,46
2390,86
2391,35
2392,90
2393,69
2394,61
2395,34
2396,58
2397,36
2398,99
2399,60
2400,70
2401,16
2402,78
2403,91
2404,39
2405,33
2406,92
2407,23
2408,52
2409,15
2410,54
2411,33
2412,61
2413,85
2414,53
2415,99
2416,24
2417,3
2418,56
2419,86
2420,14
2421,48
2422,89
2423,95
2424,78
2425,70
2426,0
2427,48
2428,86
2429,13
2430,53
2431,89
2432,94
2433,48
2434,99
2435,36
2436,26
2437,76
2438,7
2439,71
2440,21
2441,86
2442,67
2443,28
2444,73
2445,24
2446,82
2447,72
2448,95
2449,99
2450,73
2451,51
2452,11
2453,94
2454,98
2455,87
2456,26
2457,54
2458,95
2459,54
2460,41
2461,24
2462,7
2463,22
2464,19
2465,64
2466,19
2467,0
2468,24
2469,45
2470,20
2471,1
2472,12
2473,22
2474,37
2475,35
2476,75
2477,77
2478,47
2479,41
2480,98
2481,13
2482,49
2483,81
2484,13
2485,52
2486,34
2487,84
2488,0
2489,75
2490,42
2491,30
2492,37
2493,12
2494,28
2495,17
2496,27
2497,98
2498,75
2499,68
2500,61
2501,11
2502,75
2503,89
2504,60
2505,69
2506,90
2507,54
2508,29
2509,77
2510,9
2511,16
2512,92
2513,14
2514,17
2515,89
2516,62
2517,82
2518,40
2519,9
2520,20
2521,17
2522,71
2523,53
2524,49
2525,45
2526,22
2527,45
2528,58
2529,25
2530,62
2531,52
2532,93
2533,10
2534,77
2535,20
2536,81
2537,24
2538,23
2539,76
2540,47
2541,78
2542,87
2543,75
2544,26
2545,82
2546,97
2547,53
2548,78
2549,68
2550,16
2551,68
2552,92
2553,34
2554,56
2555,48
2556,58
2557,86
2558,20
2559,20
2560,62
2561,26
2562,87
2563,36
2564,4
2565,16
2566,85
2567,43
2568,98
2569,56
2570,89
2571,16
2572,14
2573,75
2574,67
2575,81
2576,20
2577,91
2578,91
2579,1
2580,88
2581,13
2582,10
2583,58
2584,85
2585,66
2586,22
2587,58
2588,68
2589,99
2590,99
2591,13
2592,73
2593,53
2594,52
2595,34
2596,85
2597,37
2598,75
2599,53
2600,13
2601,83
2602,95
2603,83
2604,98
2605,83
2606,13
2607,75
2608,35
2609,81
2610,54
2611,93
2612,14
2613,69
2614,89
2615,24
2616,75
2617,31
2618,97
2619,56
2620,7
2621,1
2622,4
2623,10
2624,90
2625,75
2626,39
2627,83
2628,52
2629,52
2630,45
2631,52
2632,35
2633,36
2634,75
2635,56
2636,41
2637,86
2638,75
2639,85
2640,97
2641,70
2642,66
2643,70
2644,95
2645,70
2646,75
2647,65
2648,0
2649,41
2650,86
2651,94
2652,97
2653,91
2654,47
2655,41
2656,2
2657,46
2658,64
2659,77
2660,20
2661,20
2662,14
2663,6
2664,42
2665,24
2666,92
2667,48
2668,87
2669,75
2670,41
2671,53
2672,52
2673,58
2674,22
2675,89
2676,83
2677,45
2678,8
2679,9
2680,75
2681,22
2682,22
2683,1
2684,20
2685,92
2686,16
2687,73
2688,91
2689,20
2690,49
2691,28
2692,99
2693,83
2694,54
2695,19
2696,69
2697,54
2698,58
2699,56
2700,17
2701,60
2702,21
2703,50
2704,38
2705,75
2706,75
2707,90
2708,14
2709,60
2710,93
2711,24
2712,17
2713,39
2714,78
2715,94
2716,87
2717,98
2718,88
2719,90
2720,24
2721,7
2722,75
2723,75
2724,93
2725,95
2726,58
2727,7
2728,48
2729,86
2730,53
2731,69
2732,95
2733,51
2734,52
2735,68
2736,40
2737,53
2738,87
2739,36
2740,1
2741,88
2742,27
2743,38
2744,90
2745,0
2746,6
2747,45
2748,59
2749,51
2750,44
2751,83
2752,53
2753,56
2754,8
2755,8
2756,15
2757,53
2758,75
2759,15
2760,34
2761,14
2762,94
2763,53
2764,86
2765,20
2766,82
2767,48
2768,75
2769,51
2770,59
2771,36
2772,99
2773,32
2774,97
2775,16
2776,14
2777,2
2778,43
2779,49
2780,86
2781,15
2782,62
2783,7
2784,45
2785,61
2786,13
2787,87
2788,41
2789,58
2790,20
2791,98
2792,71
2793,14
2794,73
2795,84
2796,6
2797,53
2798,65
2799,42
2800,56
2801,56
2802,20
2803,83
2804,70
2805,88
2806,20
2807,24
2808,81
2809,15
2810,60
2811,82
2812,61
2813,68
2814,82
2815,62
2816,5
2817,87
2818,18
2819,91
2820,38
2821,77
2822,9
2823,47
2824,7
2825,77
2826,88
2827,42
2828,78
2829,93
2830,1
2831,82
2832,37
2833,97
2834,15
2835,66
2836,22
2837,42
2838,93
2839,18
2840,86
2841,39
2842,97
2843,86
2844,51
2845,6
2846,51
2847,99
2848,53
2849,38
2850,17
2851,60
2852,72
2853,13
2854,53
2855,13
2856,82
2857,18
2858,98
2859,75
2860,40
2861,62
2862,74
2863,46
2864,35
2865,92
2866,16
2867,84
2868,98
2869,13
2870,36
2871,93
2872,66
2873,31
2874,21
2875,68
2876,52
2877,52
2878,40
2879,41
2880,62
2881,23
2882,58
2883,97
2884,27
2885,89
2886,42
2887,75
2888,77
2889,20
2890,62
2891,58
2892,68
2893,39
2894,53
2895,16
2896,83
2897,86
2898,58
2899,84
2900,21
2901,88
2902,13
2903,53
2904,24
2905,86
2906,14
2907,91
2908,73
2909,88
2910,21
2911,46
2912,98
2913,71
2914,21
2915,94
2916,78
2917,87
2918,83
2919,48
2920,42
2921,41
2922,20
2923,46
2924,51
2925,86
2926,29
2927,24
2928,87
2929,48
2930,75
2931,52
2932,95
2933,86
2934,66
2935,11
2936,22
2937,70
2938,53
2939,51
2940,75
2941,56
2942,88
2943,24
2944,86
2945,53
2946,15
2947,93
2948,85
2949,6
2950,71
2951,41
2952,46
2953,62
2954,17
2955,89
2956,48
2957,75
2958,73
2959,21
2960,0
2961,48
2962,18
2963,54
2964,88
2965,20
2966,20
2967,66
2968,24
2969,73
2970,10
2971,98
2972,82
2973,87
2974,56
2975,14
2976,30
2977,56
2978,99
2979,8
2980,46
2981,22
2982,99
2983,64
2984,84
2985,29
2986,29
2987,16
2988,0
2989,82
2990,51
2991,68
2992,13
2993,16
2994,16
2995,68
2996,37
2997,73
2998,48
2999,1
3000,38
3001,57
3002,40
3003,98
3004,48
3005,0
3006,49
3007,58
3008,11
3009,29
3010,57
3011,98
3012,21
3013,18
3014,83
3015,94
3016,98
3017,15
3018,75
3019,79
3020,48
3021,60
3022,46
3023,89
3024,42
3025,75
3026,13
3027,48
3028,24
3029,24
3030,38
3031,14
3032,8
3033,21
3034,60
3035,16
3036,81
3037,92
3038,51
3039,42
3040,87
3041,75
3042,86
3043,38
3044,48
3045,98
3046,87
3047,99
3048,97
3049,48
3050,75
3051,4
3052,54
3053,16
3054,95
3055,24
3056,53
3057,10
3058,30
3059,83
3060,56
3061,75
3062,15
3063,95
3064,86
3065,93
3066,0
3067,95
3068,46
3069,91
3070,18
3071,73
3072,13
3073,52
3074,97
3075,75
3076,59
3077,46
3078,22
3079,9
3080,87
3081,51
3082,13
3083,86
3084,81
3085,11
3086,21
3087,87
3088,28
3089,13
3090,14
3091,22
3092,75
3093,54
3094,6
3095,84
3096,17
3097,3
3098,56
3099,48
3100,85
3101,40
3102,54
3103,7
3104,42
3105,24
3106,75
3107,82
3108,13
3109,16
3110,60
3111,89
3112,94
3113,3
3114,75
3115,82
3116,48
3117,75
3118,31
3119,24
3120,13
3121,75
3122,83
3123,0
3124,28
3125,29
3126,11
3127,58
3128,62
3129,88
3130,93
3131,78
3132,70
3133,77
3134,1
3135,43
3136,1
3137,71
3138,15
3139,99
3140,83
3141,98
3142,91
3143,14
3144,73
3145,41
3146,11
3147,93
3148,43
3149,94
3150,40
3151,11
3152,71
3153,15
3154,56
3155,64
3156,73
3157,35
3158,95
3159,68
3160,26
3161,6
3162,36
3163,76
3164,52
3165,17
3166,31
3167,25
3168,93
3169,75
3170,46
3171,46
3172,75
3173,49
3174,92
3175,17
3176,50
3177,82
3178,31
3179,16
3180,44
3181,41
3182,18
3183,95
3184,98
3185,27
3186,20
3187,15
3188,26
3189,17
3190,1
3191,53
3192,26
3193,89
3194,58
3195,47
3196,24
3197,91
3198,21
3199,41
3200,48
3201,86
3202,48
3203,20
3204,68
3205,30
3206,62
3207,24
3208,12
3209,39
3210,48
3211,83
3212,21
3213,73
3214,84
3215,87
3216,9
3217,70
3218,83
3219,58
3220,33
3221,93
3222,64
3223,85
3224,75
3225,28
3226,87
3227,54
3228,69
3229,26
3230,87
3231,56
3232,81
3233,53
3234,79
3235,20
3236,58
3237,14
3238,16
3239,90
3240,48
3241,46
3242,37
3243,95
3244,60
3245,13
3246,12
3247,8
3248,48
3249,91
3250,48
3251,89
3252,23
3253,61
3254,66
3255,86
3256,48
3257,2
3258,38
3259,66
3260,1
3261,48
3262,91
3263,82
3264,21
3265,77
3266,18
3267,48
3268,46
3269,69
3270,21
3271,41
3272,99
3273,78
3274,54
3275,44
3276,48
3277,73
3278,44
3279,69
3280,87
3281,62
3282,22
3283,77
3284,58
3285,49
3286,16
3287,1
3288,13
3289,71
3290,17
3291,56
3292,57
3293,20
3294,64
3295,93
3296,73
3297,29
3298,39
3299,6
3300,73
3301,52
3302,20
3303,56
3304,13
3305,13
3306,58
3307,54
3308,94
3309,34
3310,30
3311,83
3312,99
3313,51
3314,79
3315,45
3316,40
3317,20
3318,69
3319,17
3320,87
3321,86
3322,91
3323,60
3324,33
3325,64
3326,70
3327,18
3328,51
3329,77
3330,13
3331,22
3332,54
3333,24
3334,16
3335,13
3336,65
3337,7
3338,39
3339,68
3340,7
3341,7
3342,30
3343,11
3344,54
3345,75
3346,87
3347,39
3348,61
3349,20
3350,75
3351,75
3352,51
3353,1
3354,48
3355,53
3356,24
3357,60
3358,62
3359,41
3360,82
3361,62
3362,88
3363,76
3364,20
3365,35
3366,89
3367,62
3368,48
3369,85
3370,8
3371,48
3372,56
3373,86
3374,13
3375,83
3376,48
3377,81
3378,94
3379,48
3380,24
3381,74
3382,66
3383,51
3384,45
3385,24
3386,82
3387,42
3388,71
3389,19
3390,78
3391,45
3392,90
3393,21
3394,25
3395,54
3396,1
3397,98
3398,89
3399,99
3400,48
3401,58
3402,82
3403,14
3404,31
3405,94
3406,83
3407,8
3408,73
3409,19
3410,20
3411,14
3412,89
3413,53
3414,23
3415,16
3416,52
3417,14
3418,20
3419,40
3420,6
3421,53
3422,48
3423,15
3424,49
3425,24
3426,84
3427,77
3428,64
3429,62
3430,58
3431,86
3432,93
3433,56
3434,20
3435,1
3436,60
3437,40
3438,84
3439,40
3440,76
3441,31
3442,86
3443,93
3444,5
3445,48
3446,24
3447,75
3448,58
3449,41
3450,12
3451,57
3452,20
3453,9
3454,29
3455,49
3456,75
3457,28
3458,76
3459,29
3460,53
3461,75
3462,32
3463,81
3464,52
3465,56
3466,49
3467,89
3468,98
3469,87
3470,39
3471,71
3472,35
3473,19
3474,18
3475,88
3476,60
3477,75
3478,87
3479,78
3480,75
3481,46
3482,52
3483,73
3484,89
3485,54
3486,14
3487,35
3488,73
3489,12
3490,58
3491,78
3492,83
3493,62
3494,23
3495,73
3496,68
3497,53
3498,15
3499,1
3500,5
3501,75
3502,51
3503,86
3504,99
3505,27
3506,53
3507,22
3508,48
3509,15
3510,0
3511,41
3512,62
3513,17
3514,75
3515,56
3516,70
3517,64
3518,0
3519,48
3520,28
3521,82
3522,9
3523,17
3524,56
3525,48
3526,88
3527,39
3528,21
3529,24
3530,95
3531,53
3532,31
3533,97
3534,65
3535,87
3536,21
3537,58
3538,46
3539,56
3540,40
3541,71
3542,24
3543,48
3544,28
3545,5
3546,90
3547,43
3548,16
3549,48
3550,84
3551,81
3552,39
3553,15
3554,1
3555,68
3556,56
3557,20
3558,75
3559,62
3560,76
3561,20
3562,14
3563,99
3564,13
3565,51
3566,41
3567,21
3568,99
3569,8
3570,16
3571,85
3572,23
3573,10
3574,56
3575,87
3576,41
3577,8
3578,88
3579,39
3580,49
3581,53
3582,52
3583,56
3584,15
3585,33
3586,16
3587,93
3588,7
3589,1
3590,75
3591,48
3592,53
3593,69
3594,61
3595,23
3596,75
3597,98
3598,13
3599,54
3600,75
3601,62
3602,29
3603,98
3604,73
3605,19
3606,48
3607,65
3608,41
3609,94
3610,39
3611,67
3612,71
3613,51
3614,24
3615,62
3616,76
3617,30
3618,24
3619,45
3620,27
3621,38
3622,84
3623,75
3624,52
3625,62
3626,75
3627,94
3628,88
3629,0
3630,48
3631,14
3632,57
3633,73
3634,40
3635,52
3636,5
3637,48
3638,26
3639,24
3640,68
3641,86
3642,48
3643,48
3644,89
3645,52
3646,5
3647,12
3648,29
3649,95
3650,20
3651,14
3652,66
3653,75
3654,28
3655,95
3656,66
3657,7
3658,56
3659,78
3660,66
3661,95
3662,82
3663,15
3664,75
3665,54
3666,76
3667,14
3668,7
3669,51
3670,5
3671,41
3672,60
3673,51
3674,75
3675,48
3676,24
3677,15
3678,73
3679,16
3680,35
3681,11
3682,56
3683,22
3684,85
3685,75
3686,41
3687,2
3688,13
3689,46
3690,15
3691,92
3692,14
3693,39
3694,75
3695,86
3696,81
3697,48
3698,91
3699,27
3700,1
3701,81
3702,94
3703,77
3704,22
3705,94
3706,17
3707,46
3708,1
3709,19
3710,49
3711,58
3712,0
3713,1
3714,8
3715,75
3716,13
3717,58
3718,36
3719,12
3720,83
3721,12
3722,14
3723,87
3724,2
3725,0
3726,95
3727,15
3728,61
3729,84
3730,10
3731,16
3732,48
3733,88
3734,51
3735,56
3736,56
3737,97
3738,76
3739,86
3740,81
3741,95
3742,51
3743,69
3744,94
3745,56
3746,33
3747,88
3748,24
3749,75
3750,80
3751,0
3752,0
3753,40
3754,58
3755,48
3756,87
3757,10
3758,56
3759,7
3760,84
3761,83
3762,20
3763,75
3764,48
3765,20
3766,11
3767,73
3768,18
3769,81
3770,82
3771,48
3772,66
3773,56
3774,49
3775,48
3776,41
3777,74
3778,8
3779,48
3780,20
3781,20
3782,71
3783,41
3784,75
3785,95
3786,10
3787,94
3788,75
3789,6
3790,20
3791,96
3792,37
3793,87
3794,40
3795,41
3796,73
3797,76
3798,19
3799,39
3800,39
3801,0
3802,21
3803,66
3804,91
3805,22
3806,94
3807,87
3808,14
3809,21
3810,76
3811,82
3812,75
3813,60
3814,7
3815,41
3816,99
3817,48
3818,52
3819,3
3820,46
3821,8
3822,13
3823,45
3824,86
3825,41
3826,90
3827,20
3828,83
3829,91
3830,75
3831,64
3832,47
3833,68
3834,46
3835,87
3836,22
3837,69
3838,39
3839,16
3840,89
3841,70
3842,13
3843,67
3844,45
3845,21
3846,56
3847,70
3848,31
3849,75
3850,36
3851,69
3852,67
3853,16
3854,51
3855,43
3856,87
3857,48
3858,86
3859,42
3860,73
3861,24
3862,91
3863,40
3864,62
3865,82
3866,78
3867,94
3868,75
3869,2
3870,57
3871,6
3872,73
3873,8
3874,27
3875,86
3876,21
3877,13
3878,12
3879,89
3880,63
3881,78
3882,27
3883,48
3884,15
3885,53
3886,87
3887,58
3888,35
3889,41
3890,91
3891,40
3892,40
3893,48
3894,8
3895,87
3896,7
3897,90
3898,7
3899,15
3900,48
3901,87
3902,30
3903,70
3904,66
3905,60
3906,16
3907,39
3908,72
3909,68
3910,26
3911,71
3912,20
3913,90
3914,7
3915,13
3916,93
3917,24
3918,92
3919,99
3920,41
3921,69
3922,14
3923,48
3924,94
3925,5
3926,93
3927,66
3928,69
3929,73
3930,38
3931,49
3932,54
3933,81
3934,29
3935,67
3936,90
3937,46
3938,95
3939,75
3940,86
3941,87
3942,82
3943,10
3944,33
3945,33
3946,94
3947,48
3948,13
3949,76
3950,17
3951,97
3952,22
3953,62
3954,17
3955,21
3956,69
3957,75
3958,57
3959,6
3960,95
3961,13
3962,14
3963,38
3964,71
3965,59
3966,75
3967,40
3968,43
3969,47
3970,13
3971,41
3972,66
3973,30
3974,48
3975,82
3976,48
3977,5
3978,54
3979,46
3980,54
3981,14
3982,96
3983,72
3984,1
3985,29
3986,75
3987,20
3988,75
3989,75
3990,24
3991,15
3992,60
3993,78
3994,93
3995,82
3996,53
3997,15
3998,21
3999,52
4000,49
4001,1
4002,86
4003,31
4004,38
4005,92
4006,11
4007,58
4008,48
4009,54
4010,20
4011,7
4012,41
4013,83
4014,87
4015,42
4016,30
4017,93
4018,58
4019,85
4020,29
4021,9
4022,75
4023,24
4024,5
4025,49
4026,40
4027,58
4028,41
4029,16
4030,39
4031,94
4032,90
4033,87
4034,16
4035,81
4036,16
4037,61
4038,41
4039,88
4040,84
4041,76
4042,91
4043,87
4044,94
4045,62
4046,88
4047,41
4048,69
4049,75
4050,11
4051,43
4052,83
4053,94
4054,99
4055,20
4056,40
4057,44
4058,15
4059,3
4060,56
4061,20
4062,62
4063,54
4064,87
4065,89
4066,57
4067,75
4068,95
4069,20
4070,14
4071,26
4072,43
4073,82
4074,69
4075,48
4076,48
4077,9
4078,58
4079,99
4080,87
4081,51
4082,21
4083,48
4084,78
4085,95
4086,52
4087,5
4088,49
4089,51
4090,90
4091,51
4092,71
4093,76
4094,58
4095,58
4096,30
4097,53
4098,26
4099,83
4100,0
4101,8
4102,74
4103,82
4104,13
4105,76
4106,8
4107,21
4108,66
4109,34
4110,35
4111,32
4112,1
4113,6
4114,87
4115,8
4116,91
4117,15
4118,29
4119,64
4120,87
4121,68
4122,17
4123,41
4124,60
4125,20
4126,88
4127,75
4128,41
4129,58
4130,60
4131,38
4132,62
4133,89
4134,48
4135,18
4136,8
4137,17
4138,38
4139,24
4140,8
4141,46
4142,13
4143,91
4144,0
4145,35
4146,45
4147,48
4148,1
4149,76
4150,7
4151,92
4152,37
4153,16
4154,98
4155,43
4156,36
4157,58
4158,12
4159,83
4160,23
4161,75
4162,87
4163,8
4164,21
4165,67
4166,40
4167,68
4168,38
4169,73
4170,11
4171,94
4172,17
4173,13
4174,6
4175,92
4176,36
4177,26
4178,11
4179,87
4180,2
4181,75
4182,45
4183,39
4184,51
4185,1
4186,20
4187,21
4188,6
4189,68
4190,48
4191,7
4192,49
4193,69
4194,17
4195,63
4196,58
4197,56
4198,37
4199,95
4200,20
4201,58
4202,95
4203,43
4204,22
4205,24
4206,94
4207,23
4208,94
4209,52
4210,48
4211,15
4212,60
4213,52
4214,20
4215,75
4216,70
4217,53
4218,66
4219,6
4220,95
4221,53
4222,85
4223,41
4224,47
4225,48
4226,26
4227,54
4228,71
4229,92
4230,54
4231,17
4232,56
4233,54
4234,39
4235,69
4236,48
4237,24
4238,74
4239,8
4240,6
4241,14
4242,48
4243,85
4244,93
4245,94
4246,37
4247,46
4248,51
4249,27
4250,31
4251,89
4252,61
4253,42
4254,26
4255,18
4256,84
4257,2
4258,86
4259,20
4260,35
4261,56
4262,95
4263,18
4264,26
4265,40
4266,51
4267,51
4268,18
4269,9
4270,87
4271,91
4272,62
4273,27
4274,95
4275,73
4276,14
4277,92
4278,93
4279,75
4280,24
4281,97
4282,93
4283,20
4284,43
4285,38
4286,6
4287,19
4288,29
4289,0
4290,21
4291,17
4292,27
4293,75
4294,66
4295,6
4296,13
4297,61
4298,24
4299,48
4300,95
4301,32
4302,98
4303,88
4304,45
4305,14
4306,25
4307,82
4308,24
4309,56
4310,60
4311,44
4312,87
4313,46
4314,57
4315,1
4316,89
4317,51
4318,81
4319,24
4320,42
4321,98
4322,87
4323,98
4324,86
4325,28
4326,56
4327,17
4328,1
4329,81
4330,59
4331,0
4332,15
4333,88
4334,87
4335,13
4336,70
4337,48
4338,16
4339,13
4340,0
4341,8
4342,75
4343,68
4344,91
4345,48
4346,83
4347,66
4348,24
4349,16
4350,58
4351,93
4352,13
4353,94
4354,84
4355,40
4356,87
4357,28
4358,49
4359,86
4360,57
4361,16
4362,56
4363,84
4364,44
4365,51
4366,21
4367,0
4368,83
4369,58
4370,56
4371,73
4372,53
4373,58
4374,1
4375,68
4376,82
4377,1
4378,97
4379,90
4380,56
4381,49
4382,94
4383,87
4384,87
4385,84
4386,98
4387,89
4388,7
4389,39
4390,78
4391,48
4392,24
4393,40
4394,77
4395,58
4396,70
4397,14
4398,52
4399,2
4400,24
4401,6
4402,75
4403,83
4404,90
4405,66
4406,15
4407,24
4408,49
4409,16
4410,85
4411,53
4412,75
4413,42
4414,75
4415,15
4416,17
4417,51
4418,24
4419,48
4420,98
4421,68
4422,7
4423,75
4424,75
4425,41
4426,54
4427,87
4428,48
4429,29
4430,88
4431,82
4432,43
4433,10
4434,35
4435,98
4436,7
4437,17
4438,6
4439,39
4440,18
4441,29
4442,6
4443,86
4444,20
4445,24
4446,95
4447,54
4448,69
4449,81
4450,26
4451,7
4452,88
4453,1
4454,51
4455,13
4456,87
4457,18
4458,65
4459,62
4460,52
4461,92
4462,39
4463,13
4464,86
4465,56
4466,94
4467,41
4468,58
4469,38
4470,21
4471,10
4472,7
4473,21
4474,89
4475,22
4476,51
4477,75
4478,75
4479,73
4480,98
4481,75
4482,7
4483,21
4484,1
4485,48
4486,96
4487,48
4488,75
4489,12
4490,13
4491,56
4492,60
4493,51
4494,48
4495,57
4496,43
4497,56
4498,85
4499,96
4500,11
4501,38
4502,62
4503,93
4504,83
4505,75
4506,58
4507,90
4508,56
4509,12
4510,48
4511,87
4512,21
4513,29
4514,15
4515,13
4516,51
4517,6
4518,13
4519,57
4520,0
4521,13
4522,73
4523,54
4524,69
4525,94
4526,45
4527,33
4528,5
4529,97
4530,82
4531,48
4532,75
4533,3
4534,53
4535,91
4536,13
4537,75
4538,5
4539,75
4540,90
4541,52
4542,56
4543,62
4544,98
4545,43
4546,24
4547,86
4548,21
4549,42
4550,38
4551,69
4552,1
4553,56
4554,75
4555,48
4556,60
4557,70
4558,45
4559,40
4560,17
4561,46
4562,61
4563,15
4564,24
4565,58
4566,73
4567,70
4568,13
4569,48
4570,64
4571,93
4572,53
4573,9
4574,2
4575,92
4576,74
4577,39
4578,41
4579,24
4580,95
4581,47
4582,37
4583,52
4584,28
4585,86
4586,75
4587,83
4588,58
4589,24
4590,14
4591,24
4592,55
4593,8
4594,85
4595,86
4596,18
4597,56
4598,68
4599,3
4600,62
4601,93
4602,97
4603,48
4604,6
4605,40
4606,42
4607,61
4608,33
4609,42
4610,13
4611,42
4612,35
4613,92
4614,93
4615,49
4616,7
4617,52
4618,66
4619,99
4620,90
4621,88
4622,6
4623,98
4624,53
4625,29
4626,14
4627,14
4628,75
4629,22
4630,75
4631,94
4632,15
4633,48
4634,66
4635,21
4636,21
4637,83
4638,90
4639,95
4640,0
4641,1
4642,76
4643,95
4644,86
4645,95
4646,16
4647,64
4648,98
4649,29
4650,95
4651,68
4652,93
4653,14
4654,8
4655,94
4656,13
4657,47
4658,90
4659,73
4660,82
4661,23
4662,73
4663,93
4664,40
4665,40
4666,6
4667,78
4668,20
4669,92
4670,91
4671,24
4672,78
4673,18
4674,19
4675,39
4676,21
4677,21
4678,48
4679,44
4680,48
4681,5
4682,60
4683,9
4684,62
4685,33
4686,7
4687,51
4688,58
4689,5
4690,35
4691,90
4692,75
4693,58
4694,81
4695,91
4696,14
4697,57
4698,40
4699,54
4700,19
4701,62
4702,97
4703,14
4704,32
4705,70
4706,57
4707,42
4708,75
4709,81
4710,54
4711,98
4712,18
4713,16
4714,38
4715,75
4716,58
4717,99
4718,95
4719,18
4720,88
4721,44
4722,20
4723,25
4724,35
4725,16
4726,99
4727,58
4728,37
4729,47
4730,52
4731,48
4732,14
4733,19
4734,94
4735,54
4736,89
4737,56
4738,98
4739,95
4740,90
4741,41
4742,88
4743,30
4744,49
4745,48
4746,82
4747,52
4748,27
4749,51
4750,11
4751,54
4752,43
4753,11
4754,19
4755,57
4756,89
4757,38
4758,22
4759,73
4760,0
4761,46
4762,11
4763,71
4764,73
4765,48
4766,36
4767,82
4768,56
4769,87
4770,56
4771,13
4772,82
4773,5
4774,97
4775,14
4776,30
4777,23
4778,24
4779,39
4780,10
4781,24
4782,67
4783,21
4784,37
4785,53
4786,78
4787,43
4788,13
4789,22
4790,83
4791,86
4792,53
4793,37
4794,76
4795,52
4796,24
4797,54
4798,73
4799,41
4800,23
4801,60
4802,13
4803,60
4804,20
4805,93
4806,46
4807,58
4808,93
4809,39
4810,13
4811,1
4812,88
4813,1
4814,22
4815,24
4816,76
4817,24
4818,89
4819,21
4820,25
4821,58
4822,76
4823,87
4824,86
4825,5
4826,95
4827,88
4828,18
4829,23
4830,83
4831,53
4832,99
4833,93
4834,76
4835,82
4836,46
4837,86
4838,40
4839,83
4840,2
4841,69
4842,34
4843,39
4844,81
4845,61
4846,19
4847,75
4848,9
4849,13
4850,84
4851,82
4852,39
4853,86
4854,14
4855,70
4856,64
4857,98
4858,23
4859,22
4860,75
4861,44
4862,48
4863,1
4864,85
4865,98
4866,68
4867,50
4868,91
4869,23
4870,75
4871,56
4872,91
4873,75
4874,56
4875,99
4876,98
4877,78
4878,40
4879,37
4880,87
4881,7
4882,90
4883,86
4884,78
4885,87
4886,2
4887,13
4888,56
4889,15
4890,16
4891,87
4892,48
4893,60
4894,15
4895,69
4896,1
4897,99
4898,48
4899,86
4900,89
4901,8
4902,87
4903,99
4904,17
4905,24
4906,6
4907,75
4908,21
4909,95
4910,87
4911,3
4912,62
4913,56
4914,65
4915,6
4916,68
4917,58
4918,20
4919,17
4920,23
4921,58
4922,94
4923,57
4924,86
4925,56
4926,99
4927,48
4928,40
4929,75
4930,56
4931,52
4932,51
4933,94
4934,87
4935,77
4936,48
4937,84
4938,23
4939,54
4940,73
4941,7
4942,75
4943,18
4944,75
4945,76
4946,14
4947,94
4948,57
4949,91
4950,13
4951,24
4952,99
4953,2
4954,98
4955,13
4956,81
4957,52
4958,21
4959,40
4960,66
4961,6
4962,51
4963,87
4964,95
4965,0
4966,24
4967,49
4968,75
4969,31
4970,75
4971,37
4972,58
4973,13
4974,24
4975,47
4976,21
4977,89
4978,62
4979,99
4980,78
4981,35
4982,1
4983,91
4984,54
4985,79
4986,87
4987,83
4988,22
4989,53
4990,54
4991,51
4992,88
4993,13
4994,73
4995,0
4996,11
4997,48
4998,58
4999,39
5000,56
5001,83
5002,82
5003,48
5004,69
5005,82
5006,49
5007,20
5008,58
5009,90
5010,51
5011,90
5012,8
5013,27
5014,68
5015,13
5016,51
5017,92
5018,68
5019,47
5020,11
5021,1
5022,45
5023,23
5024,60
5025,13
5026,39
5027,43
5028,54
5029,51
5030,9
5031,38
5032,41
5033,18
5034,51
5035,13
5036,12
5037,41
5038,7
5039,71
5040,23
5041,17
5042,76
5043,21
5044,99
5045,68
5046,98
5047,51
5048,87
5049,41
5050,21
5051,24
5052,81
5053,68
5054,77
5055,77
5056,8
5057,8
5058,82
5059,76
5060,97
5061,10
5062,76
5063,8
5064,13
5065,39
5066,20
5067,18
5068,83
5069,51
5070,32
5071,16
5072,72
5073,48
5074,8
5075,27
5076,75
5077,90
5078,66
5079,75
5080,98
5081,13
5082,43
5083,61
5084,79
5085,51
5086,75
5087,29
5088,58
5089,21
5090,14
5091,75
5092,21
5093,36
5094,56
5095,95
5096,20
5097,91
5098,68
5099,51
5100,76
5101,22
5102,7
5103,84
5104,95
5105,30
5106,6
5107,24
5108,83
5109,54
5110,85
5111,1
5112,48
5113,75
5114,41
5115,17
5116,41
5117,40
5118,20
5119,17
5120,21
5121,39
5122,52
5123,14
5124,48
5125,48
5126,24
5127,61
5128,74
5129,13
5130,90
5131,98
5132,31
5133,68
5134,28
5135,97
5136,68
5137,17
5138,61
5139,16
5140,13
5141,48
5142,86
5143,18
5144,6
5145,47
5146,26
5147,88
5148,53
5149,90
5150,78
5151,61
5152,11
5153,73
5154,48
5155,24
5156,75
5157,95
5158,47
5159,8
5160,83
5161,54
5162,48
5163,48
5164,75
5165,75
5166,40
5167,21
5168,62
5169,29
5170,83
5171,8
5172,28
5173,30
5174,46
5175,48
5176,86
5177,36
5178,26
5179,86
5180,89
5181,82
5182,46
5183,21
5184,13
5185,42
5186,71
5187,69
5188,68
5189,89
5190,95
5191,24
5192,49
5193,12
5194,71
5195,51
5196,71
5197,40
5198,24
5199,88
5200,66
5201,22
5202,20
5203,16
5204,41
5205,90
5206,18
5207,99
5208,75
5209,82
5210,76
5211,92
5212,60
5213,8
5214,24
5215,94
5216,48
5217,75
5218,21
5219,54
5220,93
5221,30
5222,45
5223,52
5224,56
5225,49
5226,53
5227,87
5228,73
5229,87
5230,71
5231,42
5232,71
5233,97
5234,99
5235,56
5236,22
5237,56
5238,52
5239,20
5240,60
5241,71
5242,56
5243,74
5244,75
5245,76
5246,24
5247,30
5248,76
5249,66
5250,39
5251,16
5252,75
5253,14
5254,88
5255,13
5256,30
5257,88
5258,36
5259,69
5260,82
5261,19
5262,73
5263,52
5264,23
5265,52
5266,56
5267,85
5268,69
5269,16
5270,61
5271,36
5272,81
5273,24
5274,6
5275,23
5276,39
5277,51
5278,48
5279,8
5280,76
5281,68
5282,82
5283,73
5284,33
5285,29
5286,84
5287,56
5288,8
5289,62
5290,79
5291,64
5292,92
5293,64
5294,13
5295,75
5296,90
5297,1
5298,88
5299,40
5300,51
5301,71
5302,70
5303,96
5304,26
5305,73
5306,0
5307,33
5308,53
5309,0
5310,21
5311,48
5312,45
5313,60
5314,89
5315,89
5316,51
5317,48
5318,22
5319,0
5320,75
5321,81
5322,19
5323,60
5324,9
5325,91
5326,92
5327,8
5328,20
5329,38
5330,18
5331,46
5332,92
5333,9
5334,10
5335,95
5336,66
5337,76
5338,28
5339,99
5340,39
5341,69
5342,48
5343,48
5344,85
5345,21
5346,61
5347,64
5348,45
5349,5
5350,58
5351,45
5352,36
5353,24
5354,31
5355,59
5356,88
5357,61
5358,8
5359,95
5360,8
5361,45
5362,99
5363,78
5364,24
5365,61
5366,51
5367,58
5368,30
5369,20
5370,0
5371,65
5372,45
5373,33
5374,86
5375,75
5376,2
5377,40
5378,39
5379,17
5380,95
5381,36
5382,62
5383,51
5384,60
5385,7
5386,26
5387,0
5388,15
5389,7
5390,62
5391,61
5392,81
5393,26
5394,61
5395,29
5396,85
5397,75
5398,87
5399,86
5400,17
5401,39
5402,69
5403,84
5404,39
5405,39
5406,86
5407,78
5408,69
5409,39
5410,52
5411,69
5412,83
5413,56
5414,82
5415,20
5416,16
5417,85
5418,41
5419,88
5420,73
5421,1
5422,9
5423,12
5424,75
5425,97
5426,86
5427,14
5428,94
5429,85
5430,48
5431,16
5432,27
5433,99
5434,56
5435,54
5436,10
5437,75
5438,53
5439,60
5440,9
5441,48
5442,87
5443,99
5444,20
5445,82
5446,8
5447,73
5448,56
5449,66
5450,48
5451,41
5452,82
5453,58
5454,87
5455,17
5456,24
5457,20
5458,99
5459,60
5460,48
5461,75
5462,93
5463,22
5464,21
5465,12
5466,3
5467,8
5468,95
5469,58
5470,52
5471,54
5472,45
5473,20
5474,6
5475,75
5476,62
5477,76
5478,43
5479,37
5480,21
5481,99
5482,28
5483,99
5484,18
5485,83
5486,95
5487,79
5488,67
5489,38
5490,75
5491,93
5492,99
5493,88
5494,48
5495,41
5496,0
5497,18
5498,75
5499,39
5500,75
5501,51
5502,48
5503,16
5504,72
5505,39
5506,82
5507,19
5508,40
5509,58
5510,18
5511,2
5512,48
5513,77
5514,40
5515,29
5516,15
5517,20
5518,24
5519,13
5520,54
5521,45
5522,20
5523,91
5524,40
5525,31
5526,16
5527,22
5528,52
5529,83
5530,19
5531,87
5532,99
5533,48
5534,57
5535,86
5536,35
5537,68
5538,52
5539,18
5540,37
5541,78
5542,85
5543,18
5544,35
5545,40
5546,48
5547,76
5548,30
5549,29
5550,58
5551,69
5552,99
5553,1
5554,95
5555,86
5556,7
5557,13
5558,82
5559,24
5560,73
5561,60
5562,63
5563,95
5564,11
5565,94
5566,22
5567,23
5568,58
5569,88
5570,15
5571,86
5572,48
5573,83
5574,21
5575,69
5576,34
5577,42
5578,58
5579,88
5580,87
5581,17
5582,16
5583,13
5584,70
5585,93
5586,28
5587,19
5588,86
5589,14
5590,73
5591,21
5592,62
5593,41
5594,1
5595,66
5596,86
5597,65
5598,51
5599,28
5600,56
5601,15
5602,21
5603,20
5604,7
5605,21
5606,51
5607,46
5608,76
5609,37
5610,96
5611,11
5612,48
5613,92
5614,40
5615,31
5616,54
5617,28
5618,27
5619,89
5620,52
5621,48
5622,54
5623,98
5624,72
5625,22
5626,92
5627,13
5628,7
5629,56
5630,68
5631,58
5632,13
5633,39
5634,58
5635,48
5636,35
5637,12
5638,33
5639,75
5640,24
5641,23
5642,72
5643,94
5644,66
5645,62
5646,6
5647,86
5648,81
5649,28
5650,48
5651,52
5652,73
5653,35
5654,58
5655,20
5656,73
5657,60
5658,53
5659,47
5660,12
5661,60
5662,82
5663,7
5664,57
5665,14
5666,94
5667,73
5668,70
5669,59
5670,91
5671,64
5672,21
5673,87
5674,27
5675,0
5676,22
5677,24
5678,56
5679,93
5680,82
5681,3
5682,13
5683,20
5684,54
5685,58
5686,40
5687,11
5688,54
5689,78
5690,8
5691,48
5692,1
5693,59
5694,10
5695,60
5696,48
5697,36
5698,31
5699,20
5700,58
5701,45
5702,75
5703,71
5704,2
5705,41
5706,37
5707,50
5708,1
5709,7
5710,39
5711,6
5712,24
5713,54
5714,11
5715,73
5716,10
5717,78
5718,55
5719,87
5720,75
5721,81
5722,40
5723,33
5724,24
5725,57
5726,41
5727,0
5728,85
5729,93
5730,21
5731,0
5732,13
5733,16
5734,12
5735,82
5736,75
5737,86
5738,13
5739,84
5740,84
5741,28
5742,83
5743,68
5744,14
5745,46
5746,24
5747,46
5748,37
5749,81
5750,30
5751,95
5752,82
5753,1
5754,56
5755,22
5756,58
5757,13
5758,40
5759,99
5760,16
5761,15
5762,53
5763,85
5764,48
5765,9
5766,40
5767,72
5768,84
5769,35
5770,54
5771,95
5772,76
5773,73
5774,70
5775,7
5776,5
5777,39
5778,19
5779,43
5780,75
5781,7
5782,26
5783,19
5784,62
5785,33
5786,22
5787,66
5788,91
5789,62
5790,49
5791,73
5792,24
5793,87
5794,31
5795,95
5796,59
5797,99
5798,35
5799,16
5800,83
5801,12
5802,19
5803,30
5804,73
5805,95
5806,41
5807,0
5808,97
5809,53
5810,40
5811,37
5812,87
5813,48
5814,12
5815,1
5816,60
5817,13
5818,48
5819,87
5820,51
5821,54
5822,59
5823,41
5824,14
5825,94
5826,84
5827,59
5828,48
5829,96
5830,78
5831,13
5832,79
5833,51
5834,75
5835,24
5836,16
5837,40
5838,78
5839,41
5840,62
5841,24
5842,48
5843,8
5844,21
5845,87
5846,76
5847,50
5848,70
5849,28
5850,33
5851,73
5852,88
5853,13
5854,47
5855,48
5856,95
5857,17
5858,48
5859,83
5860,73
5861,57
5862,26
5863,83
5864,60
5865,16
5866,54
5867,7
5868,52
5869,95
5870,48
5871,41
5872,45
5873,74
5874,21
5875,71
5876,85
5877,38
5878,95
5879,28
5880,17
5881,62
5882,40
5883,86
5884,16
5885,0
5886,17
5887,26
5888,73
5889,34
5890,26
5891,99
5892,18
5893,58
5894,28
5895,75
5896,1
5897,77
5898,94
5899,41
5900,0
5901,14
5902,27
5903,73
5904,26
5905,42
5906,70
5907,67
5908,11
5909,93
5910,1
5911,51
5912,51
5913,0
5914,0
5915,34
5916,48
5917,53
5918,40
5919,52
5920,81
5921,5
5922,61
5923,75
5924,41
5925,58
5926,20
5927,49
5928,54
5929,18
5930,61
5931,83
5932,87
5933,8
5934,98
5935,73
5936,75
5937,13
5938,66
5939,28
5940,81
5941,60
5942,30
5943,11
5944,14
5945,19
5946,19
5947,66
5948,51
5949,51
5950,82
5951,73
5952,13
5953,68
5954,75
5955,48
5956,48
5957,26
5958,1
5959,22
5960,54
5961,30
5962,95
5963,58
5964,78
5965,60
5966,85
5967,54
5968,10
5969,58
5970,13
5971,62
5972,77
5973,80
5974,85
5975,70
5976,28
5977,85
5978,22
5979,66
5980,98
5981,19
5982,21
5983,20
5984,48
5985,56
5986,95
5987,20
5988,86
5989,95
5990,24
5991,61
5992,24
5993,0
5994,16
5995,20
5996,13
5997,17
5998,70
5999,21
6000,75
6001,18
6002,48
6003,23
6004,47
6005,81
6006,95
6007,88
6008,94
6009,95
6010,91
6011,17
6012,13
6013,76
6014,92
6015,13
6016,95
6017,49
6018,9
6019,79
6020,10
6021,99
6022,93
6023,98
6024,75
6025,57
6026,88
6027,41
6028,11
6029,95
6030,82
6031,65
6032,58
6033,28
6034,34
6035,92
6036,93
6037,35
6038,70
6039,31
6040,33
6041,86
6042,83
6043,54
6044,15
6045,39
6046,94
6047,62
6048,49
6049,92
6050,58
6051,20
6052,31
6053,39
6054,17
6055,97
6056,41
6057,16
6058,21
6059,69
6060,98
6061,50
6062,33
6063,90
6064,75
6065,7
6066,81
6067,78
6068,13
6069,5
6070,81
6071,28
6072,49
6073,29
6074,12
6075,24
6076,21
6077,87
6078,6
6079,10
6080,81
6081,12
6082,36
6083,60
6084,29
6085,75
6086,14
6087,29
6088,54
6089,9
6090,4
6091,66
6092,64
6093,88
6094,51
6095,53
6096,98
6097,8
6098,20
6099,0
6100,46
6101,13
6102,62
6103,29
6104,21
6105,88
6106,56
6107,23
6108,71
6109,7
6110,98
6111,42
6112,71
6113,21
6114,56
6115,1
6116,86
6117,39
6118,48
6119,9
6120,84
6121,24
6122,48
6123,18
6124,43
6125,67
6126,40
6127,45
6128,98
6129,73
6130,19
6131,81
6132,21
6133,18
6134,39
6135,77
6136,66
6137,56
6138,58
6139,22
6140,75
6141,20
6142,56
6143,43
6144,48
6145,98
6146,24
6147,3
6148,83
6149,90
6150,73
6151,19
6152,51
6153,51
6154,97
6155,82
6156,88
6157,22
6158,63
6159,86
6160,75
6161,87
6162,7
6163,51
6164,56
6165,86
6166,0
6167,1
6168,83
6169,11
6170,38
6171,24
6172,49
6173,95
6174,53
6175,66
6176,87
6177,35
6178,40
6179,49
6180,61
6181,12
6182,39
6183,47
6184,56
6185,56
6186,6
6187,41
6188,23
6189,23
6190,52
6191,87
6192,46
6193,75
6194,41
6195,51
6196,1
6197,51
6198,16
6199,53
6200,25
6201,45
6202,73
6203,13
6204,87
6205,30
6206,1
6207,37
6208,52
6209,66
6210,88
6211,87
6212,9
6213,13
6214,9
6215,84
6216,69
6217,9
6218,39
6219,92
6220,52
6221,99
6222,62
6223,85
6224,82
6225,22
6226,42
6227,10
6228,75
6229,65
6230,48
6231,28
6232,56
6233,20
6234,95
6235,68
6236,56
6237,0
6238,22
6239,9
6240,23
6241,11
6242,3
6243,75
6244,14
6245,20
6246,76
6247,53
6248,73
6249,47
6250,60
6251,28
6252,61
6253,0
6254,58
6255,74
6256,21
6257,40
6258,24
6259,71
6260,52
6261,60
6262,56
6263,0
6264,52
6265,87
6266,13
6267,22
6268,83
6269,86
6270,51
6271,96
6272,62
6273,53
6274,6
6275,60
6276,74
6277,7
6278,89
6279,48
6280,13
6281,46
6282,14
6283,71
6284,24
6285,68
6286,42
6287,67
6288,17
6289,11
6290,44
6291,46
6292,58
6293,48
6294,13
6295,52
6296,1
6297,39
6298,94
6299,86
6300,75
6301,98
6302,35
6303,21
6304,87
6305,86
6306,66
6307,29
6308,51
6309,41
6310,69
6311,48
6312,54
6313,9
6314,75
6315,23
6316,44
6317,46
6318,95
6319,60
6320,14
6321,57
6322,35
6323,87
6324,97
6325,79
6326,14
6327,13
6328,28
6329,9
6330,66
6331,21
6332,52
6333,25
6334,87
6335,99
6336,24
6337,69
6338,41
6339,48
6340,48
6341,40
6342,61
6343,82
6344,75
6345,49
6346,40
6347,65
6348,7
6349,95
6350,2
6351,54
6352,60
6353,21
6354,56
6355,93
6356,51
6357,87
6358,73
6359,58
6360,48
6361,24
6362,56
6363,21
6364,20
6365,24
6366,62
6367,47
6368,87
6369,43
6370,62
6371,61
6372,66
6373,95
6374,2
6375,18
6376,76
6377,58
6378,9
6379,17
6380,1
6381,1
6382,48
6383,48
6384,0
6385,73
6386,9
6387,86
6388,82
6389,7
6390,94
6391,34
6392,56
6393,75
6394,6
6395,21
6396,40
6397,83
6398,15
6399,36
6400,92
6401,26
6402,67
6403,58
6404,93
6405,52
6406,49
6407,17
6408,18
6409,35
6410,69
6411,58
6412,37
6413,0
6414,62
6415,83
6416,48
6417,6
6418,97
6419,39
6420,63
6421,60
6422,31
6423,87
6424,75
6425,68
6426,52
6427,17
6428,50
6429,53
6430,56
6431,13
6432,49
6433,12
6434,75
6435,86
6436,98
6437,95
6438,29
6439,36
6440,16
6441,75
6442,48
6443,59
6444,33
6445,79
6446,77
6447,97
6448,43
6449,48
6450,29
6451,24
6452,58
6453,16
6454,69
6455,78
6456,18
6457,16
6458,58
6459,81
6460,12
6461,99
6462,18
6463,54
6464,58
6465,46
6466,93
6467,18
6468,74
6469,88
6470,32
6471,95
6472,69
6473,48
6474,58
6475,17
6476,62
6477,36
6478,49
6479,56
6480,95
6481,78
6482,22
6483,57
6484,84
6485,85
6486,86
6487,58
6488,99
6489,95
6490,22
6491,20
6492,33
6493,29
6494,21
6495,29
6496,75
6497,91
6498,77
6499,43
6500,22
6501,73
6502,1
6503,29
6504,59
6505,53
6506,85
6507,84
6508,87
6509,45
6510,73
6511,87
6512,94
6513,94
6514,52
6515,24
6516,53
6517,12
6518,75
6519,53
6520,35
6521,88
6522,13
6523,8
6524,50
6525,24
6526,75
6527,17
6528,95
6529,81
6530,61
6531,87
6532,51
6533,41
6534,14
6535,20
6536,53
6537,87
6538,31
6539,98
6540,48
6541,7
6542,56
6543,39
6544,81
6545,48
6546,95
6547,95
6548,56
6549,8
6550,70
6551,62
6552,99
6553,8
6554,33
6555,42
6556,13
6557,12
6558,75
6559,10
6560,45
6561,66
6562,33
6563,71
6564,92
6565,33
6566,42
6567,31
6568,16
6569,90
6570,20
6571,24
6572,20
6573,95
6574,58
6575,81
6576,64
6577,97
6578,79
6579,75
6580,93
6581,35
6582,86
6583,41
6584,86
6585,98
6586,49
6587,48
6588,96
6589,71
6590,5
6591,20
6592,18
6593,36
6594,20
6595,66
6596,73
6597,40
6598,76
6599,48
6600,75
6601,83
6602,40
6603,98
6604,70
6605,42
6606,11
6607,52
6608,84
6609,5
6610,95
6611,11
6612,52
6613,73
6614,87
6615,48
6616,98
6617,98
6618,52
6619,20
6620,56
6621,60
6622,72
6623,84
6624,46
6625,18
6626,27
6627,24
6628,50
6629,15
6630,11
6631,80
6632,24
6633,41
6634,83
6635,53
6636,76
6637,24
6638,93
6639,75
6640,89
6641,53
6642,75
6643,59
6644,97
6645,95
6646,56
6647,82
6648,46
6649,75
6650,49
6651,43
6652,97
6653,46
6654,6
6655,29
6656,20
6657,87
6658,43
6659,91
6660,53
6661,60
6662,62
6663,62
6664,7
6665,86
6666,66
6667,13
6668,14
6669,20
6670,69
6671,68
6672,2
6673,22
6674,49
6675,21
6676,25
6677,1
6678,75
6679,16
6680,99
6681,16
6682,91
6683,92
6684,76
6685,37
6686,89
6687,82
6688,48
6689,61
6690,95
6691,90
6692,78
6693,33
6694,19
6695,20
6696,58
6697,45
6698,35
6699,46
6700,99
6701,35
6702,95
6703,48
6704,97
6705,14
6706,13
6707,73
6708,17
6709,8
6710,99
6711,51
6712,87
6713,8
6714,44
6715,75
6716,2
6717,23
6718,75
6719,28
6720,13
6721,98
6722,29
6723,75
6724,40
6725,81
6726,64
6727,95
6728,75
6729,51
6730,48
6731,38
6732,6
6733,97
6734,87
6735,81
6736,95
6737,14
6738,41
6739,23
6740,16
6741,47
6742,58
6743,48
6744,86
6745,99
6746,66
6747,24
6748,24
6749,16
6750,57
6751,78
6752,94
6753,75
6754,54
6755,83
6756,73
6757,89
6758,98
6759,58
6760,39
6761,20
6762,90
6763,48
6764,48
6765,74
6766,42
6767,42
6768,56
6769,68
6770,70
6771,35
6772,21
6773,47
6774,46
6775,81
6776,13
6777,39
6778,29
6779,7
6780,35
6781,23
6782,41
6783,94
6784,95
6785,25
6786,1
6787,62
6788,94
6789,51
6790,81
6791,90
6792,14
6793,9
6794,77
6795,22
6796,75
6797,20
6798,23
6799,48
6800,24
6801,62
6802,78
6803,51
6804,19
6805,49
6806,0
6807,62
6808,24
6809,94
6810,52
6811,21
6812,56
6813,9
6814,48
6815,48
6816,51
6817,40
6818,26
6819,16
6820,52
6821,62
6822,24
6823,35
6824,46
6825,83
6826,16
6827,57
6828,62
6829,59
6830,97
6831,99
6832,35
6833,54
6834,21
6835,56
6836,47
6837,75
6838,95
6839,62
6840,25
6841,46
6842,1
6843,29
6844,20
6845,62
6846,81
6847,70
6848,48
6849,14
6850,93
6851,24
6852,28
6853,31
6854,68
6855,47
6856,48
6857,83
6858,90
6859,10
6860,20
6861,5
6862,68
6863,84
6864,68
6865,48
6866,56
6867,69
6868,41
6869,78
6870,60
6871,21
6872,14
6873,81
6874,90
6875,11
6876,54
6877,83
6878,61
6879,81
6880,75
6881,75
6882,31
6883,22
6884,13
6885,13
6886,9
6887,99
6888,6
6889,16
6890,10
6891,28
6892,27
6893,0
6894,40
6895,36
6896,92
6897,92
6898,3
6899,9
6900,86
6901,29
6902,48
6903,86
6904,30
6905,87
6906,48
6907,13
6908,76
6909,53
6910,67
6911,51
6912,13
6913,46
6914,8
6915,51
6916,95
6917,99
6918,20
6919,26
6920,22
6921,15
6922,0
6923,29
6924,42
6925,7
6926,56
6927,54
6928,83
6929,85
6930,48
6931,53
6932,86
6933,51
6934,41
6935,98
6936,62
6937,11
6938,19
6939,62
6940,51
6941,18
6942,40
6943,20
6944,92
6945,96
6946,75
6947,24
6948,16
6949,78
6950,56
6951,15
6952,73
6953,71
6954,48
6955,37
6956,83
6957,60
6958,66
6959,40
6960,24
6961,68
6962,86
6963,49
6964,97
6965,14
6966,60
6967,26
6968,99
6969,77
6970,48
6971,24
6972,14
6973,52
6974,52
6975,0
6976,91
6977,24
6978,16
6979,88
6980,46
6981,37
6982,39
6983,52
6984,57
6985,75
6986,54
6987,39
6988,22
6989,75
6990,75
6991,11
6992,90
6993,53
6994,29
6995,35
6996,89
6997,82
6998,26
6999,57
7000,95
7001,91
7002,51
7003,7
7004,8
7005,56
7006,89
7007,53
7008,1
7009,73
7010,48
7011,75
7012,9
7013,58
7014,86
7015,56
7016,6
7017,82
7018,27
7019,92
7020,77
7021,34
7022,45
7023,18
7024,40
7025,0
7026,85
7027,56
7028,35
7029,2
7030,69
7031,52
7032,42
7033,32
7034,88
7035,62
7036,86
7037,98
7038,29
7039,49
7040,92
7041,53
7042,93
7043,5
7044,40
7045,12
7046,5
7047,1
7048,49
7049,62
7050,87
7051,87
7052,41
7053,20
7054,28
7055,24
7056,62
7057,31
7058,48
7059,32
7060,47
7061,46
7062,0
7063,20
7064,51
7065,14
7066,18
7067,36
7068,48
7069,52
7070,48
7071,20
7072,39
7073,54
7074,24
7075,24
7076,58
7077,9
7078,46
7079,21
7080,12
7081,73
7082,24
7083,9
7084,26
7085,1
7086,81
7087,48
7088,14
7089,81
7090,16
7091,79
7092,5
7093,86
7094,48
7095,24
7096,83
7097,1
7098,68
7099,62
7100,60
7101,39
7102,8
7103,73
7104,89
7105,69
7106,14
7107,17
7108,31
7109,48
7110,40
7111,12
7112,78
7113,85
7114,99
7115,44
7116,13
7117,29
7118,73
7119,48
7120,70
7121,85
7122,92
7123,94
7124,75
7125,22
7126,5
7127,21
7128,29
7129,62
7130,45
7131,13
7132,56
7133,24
7134,20
7135,63
7136,20
7137,13
7138,8
7139,62
7140,41
7141,38
7142,19
7143,88
7144,48
7145,68
7146,75
7147,31
7148,73
7149,86
7150,51
7151,12
7152,15
7153,47
7154,76
7155,89
7156,98
7157,19
7158,47
7159,16
7160,48
7161,84
7162,78
7163,0
7164,51
7165,69
7166,75
7167,69
7168,6
7169,56
7170,64
7171,9
7172,87
7173,56
7174,16
7175,58
7176,81
7177,18
7178,57
7179,89
7180,60
7181,54
7182,58
7183,53
7184,22
7185,90
7186,83
7187,62
7188,56
7189,74
7190,53
7191,23
7192,20
7193,38
7194,14
7195,5
7196,75
7197,62
7198,95
7199,62
7200,78
7201,52
7202,75
7203,62
7204,16
7205,27
7206,46
7207,58
7208,99
7209,48
7210,59
7211,89
7212,71
7213,24
7214,60
7215,41
7216,69
7217,23
7218,53
7219,35
7220,48
7221,16
7222,95
7223,19
7224,87
7225,78
7226,75
7227,48
7228,75
7229,51
7230,75
7231,46
7232,26
7233,48
7234,76
7235,43
7236,16
7237,51
7238,92
7239,81
7240,54
7241,30
7242,8
7243,3
7244,28
7245,18
7246,33
7247,49
7248,58
7249,45
7250,75
7251,39
7252,62
7253,76
7254,30
7255,1
7256,29
7257,48
7258,82
7259,13
7260,46
7261,54
7262,8
7263,88
7264,27
7265,75
7266,35
7267,75
7268,0
7269,2
7270,13
7271,73
7272,95
7273,48
7274,40
7275,41
7276,27
7277,24
7278,75
7279,8
7280,87
7281,8
7282,48
7283,42
7284,31
7285,16
7286,13
7287,18
7288,41
7289,58
7290,11
7291,45
7292,73
7293,31
7294,14
7295,45
7296,66
7297,13
7298,15
7299,75
7300,93
7301,31
7302,75
7303,87
7304,95
7305,35
7306,18
7307,61
7308,43
7309,91
7310,54
7311,13
7312,24
7313,58
7314,24
7315,9
7316,49
7317,38
7318,73
7319,20
7320,75
7321,14
7322,73
7323,62
7324,99
7325,21
7326,65
7327,43
7328,82
7329,73
7330,12
7331,61
7332,23
7333,26
7334,13
7335,40
7336,24
7337,25
7338,19
7339,73
7340,24
7341,16
7342,75
7343,75
7344,20
7345,10
7346,98
7347,51
7348,30
7349,47
7350,57
7351,64
7352,75
7353,88
7354,83
7355,13
7356,0
7357,20
7358,71
7359,2
7360,76
7361,54
7362,53
7363,68
7364,54
7365,83
7366,24
7367,31
7368,81
7369,83
7370,88
7371,73
7372,54
7373,88
7374,48
7375,64
7376,13
7377,40
7378,52
7379,98
7380,41
7381,20
7382,20
7383,16
7384,59
7385,20
7386,48
7387,20
7388,48
7389,48
7390,16
7391,13
7392,86
7393,52
7394,75
7395,58
7396,61
7397,37
7398,12
7399,72
7400,86
7401,83
7402,23
7403,75
7404,43
7405,38
7406,83
7407,21
7408,42
7409,62
7410,95
7411,42
7412,24
7413,24
7414,52
7415,22
7416,75
7417,31
7418,57
7419,56
7420,99
7421,83
7422,13
7423,9
7424,11
7425,43
7426,42
7427,38
7428,61
7429,92
7430,58
7431,40
7432,21
7433,74
7434,75
7435,61
7436,28
7437,94
7438,52
7439,86
7440,40
7441,58
7442,92
7443,94
7444,84
7445,31
7446,68
7447,51
7448,24
7449,22
7450,56
7451,25
7452,12
7453,53
7454,21
7455,54
7456,20
7457,62
7458,24
7459,16
7460,26
7461,90
7462,82
7463,41
7464,11
7465,61
7466,73
7467,14
7468,75
7469,94
7470,29
7471,75
7472,81
7473,16
7474,12
7475,51
7476,74
7477,17
7478,67
7479,23
7480,53
7481,87
7482,61
7483,51
7484,86
7485,48
7486,47
7487,11
7488,60
7489,48
7490,75
7491,21
7492,60
7493,56
7494,87
7495,99
7496,96
7497,69
7498,60
7499,16
7500,48
7501,7
7502,91
7503,43
7504,14
7505,92
7506,14
7507,88
7508,81
7509,56
7510,96
7511,39
7512,48
7513,97
7514,59
7515,10
7516,78
7517,40
7518,83
7519,17
7520,15
7521,46
7522,10
7523,92
7524,28
7525,14
7526,86
7527,31
7528,69
7529,21
7530,22
7531,41
7532,71
7533,48
7534,59
7535,20
7536,75
7537,48
7538,52
7539,86
7540,53
7541,75
7542,20
7543,81
7544,7
7545,94
7546,91
7547,70
7548,68
7549,29
7550,75
7551,89
7552,60
7553,58
7554,69
7555,41
7556,39
7557,9
7558,51
7559,85
7560,88
7561,42
7562,45
7563,84
7564,61
7565,71
7566,91
7567,48
7568,62
7569,48
7570,13
7571,16
7572,21
7573,7
7574,73
7575,86
7576,86
7577,11
7578,11
7579,46
7580,83
7581,22
7582,37
7583,52
7584,81
7585,45
7586,13
7587,54
7588,83
7589,10
7590,89
7591,62
7592,22
7593,53
7594,58
7595,59
7596,40
7597,59
7598,54
7599,48
7600,95
7601,41
7602,59
7603,24
7604,25
7605,7
7606,94
7607,87
7608,70
7609,47
7610,96
7611,59
7612,87
7613,48
7614,39
7615,38
7616,82
7617,11
7618,75
7619,21
7620,72
7621,88
7622,1
7623,85
7624,95
7625,24
7626,8
7627,95
7628,56
7629,53
7630,26
7631,52
7632,78
7633,24
7634,62
7635,75
7636,40
7637,13
7638,92
7639,15
7640,48
7641,22
7642,62
7643,48
7644,53
7645,18
7646,81
7647,19
7648,48
7649,68
7650,30
7651,75
7652,53
7653,16
7654,83
7655,0
7656,86
7657,57
7658,13
7659,13
7660,82
7661,13
7662,21
7663,61
7664,96
7665,66
7666,81
7667,97
7668,68
7669,35
7670,98
7671,35
7672,75
7673,78
7674,41
7675,27
7676,98
7677,7
7678,90
7679,53
7680,31
7681,44
7682,11
7683,82
7684,24
7685,66
7686,61
7687,7
7688,73
7689,92
7690,5
7691,66
7692,56
7693,13
7694,94
7695,78
7696,79
7697,48
7698,39
7699,69
7700,40
7701,17
7702,92
7703,68
7704,66
7705,82
7706,13
7707,9
7708,52
7709,60
7710,85
7711,13
7712,29
7713,72
7714,26
7715,84
7716,70
7717,95
7718,41
7719,56
7720,54
7721,87
7722,87
7723,75
7724,3
7725,71
7726,24
7727,98
7728,58
7729,11
7730,53
7731,83
7732,75
7733,83
7734,47
7735,66
7736,82
7737,22
7738,20
7739,25
7740,18
7741,47
7742,58
7743,98
7744,70
7745,0
7746,49
7747,83
7748,87
7749,15
7750,58
7751,27
7752,7
7753,82
7754,83
7755,82
7756,89
7757,66
7758,24
7759,48
7760,78
7761,11
7762,9
7763,75
7764,53
7765,11
7766,85
7767,13
7768,48
7769,73
7770,69
7771,83
7772,17
7773,83
7774,86
7775,29
7776,82
7777,24
7778,44
7779,10
7780,15
7781,39
7782,7
7783,13
7784,32
7785,54
7786,54
7787,14
7788,20
7789,75
7790,83
7791,69
7792,5
7793,53
7794,24
7795,10
7796,0
7797,85
7798,24
7799,17
7800,15
7801,8
7802,40
7803,35
7804,24
7805,29
7806,48
7807,73
7808,7
7809,48
7810,39
7811,21
7812,13
7813,18
7814,54
7815,66
7816,13
7817,27
7818,29
7819,1
7820,91
7821,10
7822,7
7823,12
7824,71
7825,92
7826,11
7827,56
7828,94
7829,14
7830,99
7831,85
7832,82
7833,53
7834,60
7835,13
7836,30
7837,48
7838,62
7839,21
7840,74
7841,34
7842,54
7843,53
7844,71
7845,49
7846,6
7847,18
7848,48
7849,22
7850,9
7851,68
7852,5
7853,46
7854,1
7855,6
7856,13
7857,87
7858,93
7859,98
7860,73
7861,70
7862,8
7863,48
7864,79
7865,43
7866,90
7867,60
7868,39
7869,0
7870,81
7871,48
7872,20
7873,29
7874,48
7875,41
7876,48
7877,58
7878,41
7879,13
7880,35
7881,6
7882,85
7883,86
7884,11
7885,1
7886,95
7887,9
7888,3
7889,85
7890,24
7891,75
7892,61
7893,76
7894,78
7895,57
7896,52
7897,1
7898,75
7899,40
7900,85
7901,20
7902,24
7903,5
7904,74
7905,89
7906,66
7907,18
7908,24
7909,70
7910,23
7911,14
7912,48
7913,87
7914,75
7915,91
7916,6
7917,16
7918,18
7919,76
7920,59
7921,90
7922,49
7923,16
7924,29
7925,93
7926,8
7927,11
7928,30
7929,36
7930,1
7931,49
7932,97
7933,87
7934,35
7935,66
7936,75
7937,25
7938,29
7939,41
7940,82
7941,82
7942,22
7943,97
7944,14
7945,41
7946,99
7947,16
7948,56
7949,8
7950,66
7951,62
7952,83
7953,30
7954,73
7955,46
7956,89
7957,39
7958,66
7959,37
7960,89
7961,83
7962,62
7963,73
7964,14
7965,16
7966,78
7967,91
7968,83
7969,14
7970,73
7971,29
7972,45
7973,88
7974,13
7975,62
7976,9
7977,61
7978,24
7979,46
7980,22
7981,98
7982,87
7983,95
7984,13
7985,87
7986,92
7987,86
7988,75
7989,82
7990,8
7991,83
7992,17
7993,88
7994,49
7995,12
7996,53
7997,29
7998,61
7999,75
8000,18
8001,1
8002,45
8003,99
8004,0
8005,19
8006,87
8007,53
8008,86
8009,41
8010,1
8011,48
8012,98
8013,53
8014,15
8015,13
8016,98
8017,31
8018,41
8019,57
8020,70
8021,22
8022,48
8023,13
8024,60
8025,53
8026,56
8027,18
8028,81
8029,11
8030,96
8031,48
8032,79
8033,24
8034,25
8035,60
8036,13
8037,95
8038,75
8039,25
8040,24
8041,15
8042,75
8043,25
8044,79
8045,83
8046,87
8047,48
8048,73
8049,26
8050,56
8051,88
8052,12
8053,62
8054,75
8055,79
8056,8
8057,42
8058,8
8059,57
8060,86
8061,53
8062,2
8063,66
8064,38
8065,8
8066,48
8067,59
8068,57
8069,95
8070,98
8071,94
8072,16
8073,1
8074,86
8075,87
8076,19
8077,94
8078,0
8079,21
8080,6
8081,69
8082,75
8083,75
8084,46
8085,13
8086,91
8087,89
8088,98
8089,58
8090,28
8091,75
8092,78
8093,70
8094,47
8095,7
8096,98
8097,52
8098,73
8099,62
8100,53
8101,75
8102,87
8103,49
8104,14
8105,75
8106,92
8107,81
8108,85
8109,88
8110,61
8111,9
8112,16
8113,27
8114,24
8115,51
8116,75
8117,40
8118,3
8119,98
8120,1
8121,91
8122,45
8123,61
8124,78
8125,91
8126,75
8127,48
8128,68
8129,71
8130,45
8131,70
8132,15
8133,70
8134,82
8135,92
8136,14
8137,49
8138,26
8139,28
8140,7
8141,89
8142,75
8143,45
8144,43
8145,45
8146,86
8147,95
8148,41
8149,19
8150,98
8151,24
8152,75
8153,99
8154,13
8155,7
8156,92
8157,40
8158,28
8159,11
8160,73
8161,91
8162,51
8163,60
8164,46
8165,13
8166,82
8167,29
8168,53
8169,89
8170,0
8171,38
8172,95
8173,5
8174,60
8175,76
8176,91
8177,21
8178,48
8179,31
8180,53
8181,43
8182,78
8183,48
8184,74
8185,25
8186,51
8187,64
8188,53
8189,21
8190,40
8191,48
8192,69
8193,45
8194,47
8195,61
8196,60
8197,73
8198,10
8199,39
8200,52
8201,97
8202,58
8203,53
8204,83
8205,26
8206,41
8207,87
8208,18
8209,87
8210,3
8211,11
8212,41
8213,63
8214,87
8215,23
8216,97
8217,95
8218,52
8219,75
8220,73
8221,60
8222,97
8223,82
8224,86
8225,21
8226,33
8227,79
8228,13
8229,64
8230,48
8231,15
8232,58
8233,66
8234,99
8235,48
8236,87
8237,45
8238,40
8239,36
8240,7
8241,84
8242,97
8243,62
8244,94
8245,99
8246,47
8247,66
8248,12
8249,1
8250,0
8251,95
8252,13
8253,57
8254,29
8255,7
8256,18
8257,48
8258,48
8259,91
8260,0
8261,86
8262,62
8263,19
8264,9
8265,95
8266,30
8267,10
8268,48
8269,52
8270,96
8271,1
8272,20
8273,41
8274,40
8275,75
8276,48
8277,86
8278,22
8279,99
8280,20
8281,12
8282,21
8283,60
8284,81
8285,13
8286,20
8287,40
8288,95
8289,1
8290,24
8291,62
8292,87
8293,54
8294,48
8295,14
8296,41
8297,60
8298,54
8299,14
8300,48
8301,83
8302,0
8303,92
8304,56
8305,24
8306,24
8307,16
8308,87
8309,9
8310,21
8311,41
8312,39
8313,75
8314,0
8315,62
8316,26
8317,20
8318,51
8319,69
8320,95
8321,75
8322,74
8323,79
8324,22
8325,20
8326,56
8327,0
8328,42
8329,13
8330,98
8331,39
8332,69
8333,38
8334,8
8335,10
8336,71
8337,98
8338,73
8339,69
8340,75
8341,83
8342,48
8343,11
8344,1
8345,31
8346,52
8347,43
8348,92
8349,75
8350,68
8351,7
8352,1
8353,49
8354,37
8355,98
8356,53
8357,56
8358,0
8359,28
8360,49
8361,48
8362,46
8363,18
8364,52
8365,92
8366,66
8367,93
8368,28
8369,39
8370,14
8371,41
8372,44
8373,49
8374,83
8375,35
8376,13
8377,29
8378,82
8379,81
8380,60
8381,6
8382,56
8383,83
8384,32
8385,88
8386,37
8387,99
8388,95
8389,98
8390,15
8391,75
8392,93
8393,75
8394,62
8395,22
8396,24
8397,62
8398,52
8399,82
8400,30
8401,47
8402,8
8403,6
8404,26
8405,51
8406,24
8407,97
8408,86
8409,75
8410,81
8411,87
8412,96
8413,46
8414,16
8415,33
8416,76
8417,41
8418,42
8419,48
8420,38
8421,17
8422,77
8423,93
8424,14
8425,58
8426,7
8427,60
8428,73
8429,75
8430,88
8431,18
8432,48
8433,54
8434,87
8435,87
8436,22
8437,52
8438,38
8439,7
8440,73
8441,30
8442,87
8443,62
8444,99
8445,19
8446,86
8447,17
8448,92
8449,90
8450,69
8451,45
8452,48
8453,39
8454,97
8455,95
8456,82
8457,95
8458,42
8459,71
8460,13
8461,37
8462,87
8463,88
8464,87
8465,51
8466,71
8467,21
8468,75
8469,87
8470,82
8471,58
8472,39
8473,70
8474,39
8475,6
8476,92
8477,29
8478,56
8479,40
8480,70
8481,91
8482,68
8483,52
8484,76
8485,26
8486,16
8487,62
8488,89
8489,12
8490,20
8491,26
8492,40
8493,17
8494,36
8495,41
8496,93
8497,88
8498,20
8499,48
8500,75
8501,22
8502,62
8503,48
8504,88
8505,18
8506,75
8507,73
8508,54
8509,13
8510,20
8511,41
8512,95
8513,88
8514,68
8515,51
8516,95
8517,7
8518,44
8519,58
8520,61
8521,83
8522,56
8523,17
8524,96
8525,14
8526,29
8527,87
8528,21
8529,37
8530,9
8531,94
8532,75
8533,76
8534,68
8535,86
8536,1
8537,0
8538,75
8539,51
8540,73
8541,71
8542,75
8543,47
8544,57
8545,43
8546,75
8547,34
8548,14
8549,29
8550,1
8551,38
8552,53
8553,48
8554,35
8555,56
8556,24
8557,56
8558,40
8559,24
8560,86
8561,54
8562,82
8563,19
8564,61
8565,87
8566,54
8567,20
8568,98
8569,58
8570,90
8571,48
8572,22
8573,24
8574,15
8575,79
8576,94
8577,78
8578,0
8579,39
8580,58
8581,82
8582,7
8583,87
8584,29
8585,95
8586,90
8587,82
8588,93
8589,57
8590,22
8591,98
8592,28
8593,41
8594,44
8595,62
8596,5
8597,41
8598,15
8599,24
8600,76
8601,21
8602,99
8603,88
8604,74
8605,52
8606,47
8607,95
8608,67
8609,13
8610,29
8611,70
8612,73
8613,60
8614,83
8615,21
8616,7
8617,68
8618,29
8619,14
8620,97
8621,1
8622,58
8623,15
8624,50
8625,88
8626,52
8627,19
8628,18
8629,42
8630,29
8631,92
8632,38
8633,49
8634,75
8635,46
8636,16
8637,32
8638,48
8639,86
8640,18
8641,40
8642,50
8643,92
8644,99
8645,75
8646,38
8647,99
8648,75
8649,1
8650,64
8651,33
8652,1
8653,84
8654,83
8655,90
8656,53
8657,33
8658,30
8659,68
8660,30
8661,8
8662,75
8663,87
8664,82
8665,18
8666,24
8667,88
8668,29
8669,78
8670,20
8671,62
8672,89
8673,44
8674,93
8675,14
8676,11
8677,93
8678,19
8679,93
8680,58
8681,31
8682,40
8683,52
8684,24
8685,23
8686,85
8687,63
8688,1
8689,53
8690,48
8691,66
8692,7
8693,48
8694,31
8695,88
8696,23
8697,85
8698,14
8699,83
8700,28
8701,51
8702,51
8703,23
8704,86
8705,61
8706,35
8707,99
8708,99
8709,28
8710,4
8711,3
8712,48
8713,35
8714,42
8715,0
8716,60
8717,13
8718,24
8719,56
8720,28
8721,29
8722,73
8723,53
8724,9
8725,62
8726,62
8727,73
8728,7
8729,15
8730,82
8731,45
8732,15
8733,68
8734,68
8735,2
8736,82
8737,75
8738,81
8739,48
8740,0
8741,76
8742,24
8743,21
8744,17
8745,52
8746,45
8747,69
8748,89
8749,81
8750,75
8751,98
8752,96
8753,20
8754,24
8755,40
8756,69
8757,16
8758,1
8759,92
8760,71
8761,20
8762,29
8763,48
8764,71
8765,36
8766,61
8767,0
8768,48
8769,14
8770,69
8771,73
8772,8
8773,87
8774,42
8775,22
8776,35
8777,56
8778,48
8779,61
8780,48
8781,69
8782,70
8783,51
8784,73
8785,82
8786,5
8787,75
8788,13
8789,95
8790,24
8791,62
8792,66
8793,61
8794,83
8795,87
8796,87
8797,88
8798,76
8799,45
8800,57
8801,6
8802,45
8803,2
8804,87
8805,15
8806,86
8807,49
8808,61
8809,9
8810,60
8811,73
8812,9
8813,38
8814,5
8815,91
8816,18
8817,91
8818,21
8819,56
8820,48
8821,48
8822,40
8823,52
8824,45
8825,75
8826,13
8827,95
8828,82
8829,88
8830,48
8831,90
8832,22
8833,86
8834,43
8835,29
8836,7
8837,66
8838,83
8839,19
8840,24
8841,57
8842,88
8843,48
8844,90
8845,69
8846,95
8847,97
8848,85
8849,71
8850,51
8851,86
8852,46
8853,82
8854,75
8855,62
8856,68
8857,17
8858,11
8859,37
8860,50
8861,0
8862,22
8863,95
8864,14
8865,16
8866,82
8867,82
8868,16
8869,95
8870,21
8871,13
8872,29
8873,60
8874,30
8875,84
8876,60
8877,29
8878,6
8879,41
8880,62
8881,62
8882,77
8883,13
8884,31
8885,52
8886,75
8887,94
8888,1
8889,94
8890,66
8891,48
8892,72
8893,95
8894,9
8895,29
8896,13
8897,46
8898,64
8899,51
8900,53
8901,87
8902,95
8903,53
8904,88
8905,87
8906,89
8907,68
8908,6
8909,88
8910,40
8911,71
8912,48
8913,63
8914,73
8915,75
8916,85
8917,47
8918,91
8919,62
8920,58
8921,7
8922,23
8923,13
8924,92
8925,53
8926,15
8927,95
8928,62
8929,48
8930,16
8931,0
8932,53
8933,60
8934,40
8935,24
8936,56
8937,52
8938,30
8939,82
8940,90
8941,83
8942,89
8943,71
8944,49
8945,56
8946,86
8947,68
8948,35
8949,35
8950,83
8951,52
8952,12
8953,58
8954,18
8955,96
8956,20
8957,1
8958,58
8959,71
8960,22
8961,21
8962,1
8963,18
8964,7
8965,99
8966,41
8967,97
8968,14
8969,79
8970,81
8971,99
8972,28
8973,89
8974,43
8975,88
8976,53
8977,18
8978,73
8979,47
8980,82
8981,48
8982,7
8983,56
8984,15
8985,82
8986,48
8987,93
8988,81
8989,17
8990,75
8991,69
8992,58
8993,46
8994,39
8995,70
8996,90
8997,21
8998,30
8999,99
9000,9
9001,53
9002,13
9003,20
9004,81
9005,14
9006,60
9007,48
9008,99
9009,14
9010,58
9011,83
9012,39
9013,11
9014,17
9015,89
9016,9
9017,48
9018,54
9019,76
9020,73
9021,14
9022,38
9023,25
9024,46
9025,52
9026,48
9027,14
9028,53
9029,30
9030,81
9031,30
9032,98
9033,35
9034,70
9035,76
9036,13
9037,3
9038,87
9039,81
9040,87
9041,54
9042,6
9043,68
9044,6
9045,91
9046,73
9047,19
9048,29
9049,71
9050,18
9051,48
9052,40
9053,82
9054,95
9055,76
9056,20
9057,60
9058,17
9059,94
9060,97
9061,95
9062,14
9063,25
9064,40
9065,36
9066,45
9067,45
9068,86
9069,60
9070,31
9071,62
9072,41
9073,31
9074,26
9075,95
9076,21
9077,71
9078,33
9079,88
9080,5
9081,75
9082,1
9083,83
9084,23
9085,19
9086,56
9087,20
9088,6
9089,20
9090,95
9091,56
9092,75
9093,79
9094,40
9095,7
9096,79
9097,83
9098,95
9099,47
9100,51
9101,56
9102,53
9103,20
9104,14
9105,26
9106,64
9107,9
9108,44
9109,43
9110,51
9111,78
9112,77
9113,75
9114,95
9115,79
9116,24
9117,81
9118,3
9119,61
9120,51
9121,93
9122,39
9123,6
9124,41
9125,16
9126,13
9127,49
9128,86
9129,21
9130,8
9131,68
9132,48
9133,95
9134,10
9135,71
9136,37
9137,1
9138,51
9139,45
9140,89
9141,21
9142,13
9143,29
9144,19
9145,35
9146,92
9147,62
9148,1
9149,94
9150,67
9151,62
9152,20
9153,85
9154,47
9155,91
9156,16
9157,56
9158,21
9159,24
9160,71
9161,75
9162,57
9163,29
9164,23
9165,75
9166,1
9167,46
9168,61
9169,98
9170,21
9171,57
9172,16
9173,87
9174,82
9175,56
9176,75
9177,19
9178,24
9179,75
9180,84
9181,24
9182,51
9183,76
9184,22
9185,91
9186,83
9187,29
9188,36
9189,13
9190,48
9191,81
9192,83
9193,51
9194,1
9195,51
9196,9
9197,3
9198,11
9199,95
9200,0
9201,75
9202,54
9203,14
9204,66
9205,61
9206,62
9207,54
9208,56
9209,82
9210,68
9211,56
9212,88
9213,96
9214,51
9215,67
9216,49
9217,10
9218,78
9219,60
9220,99
9221,0
9222,75
9223,75
9224,46
9225,20
9226,2
9227,29
9228,14
9229,22
9230,40
9231,13
9232,13
9233,95
9234,24
9235,73
9236,8
9237,17
9238,88
9239,20
9240,81
9241,15
9242,69
9243,26
9244,9
9245,91
9246,95
9247,17
9248,21
9249,99
9250,15
9251,59
9252,58
9253,48
9254,81
9255,95
9256,92
9257,7
9258,73
9259,89
9260,29
9261,97
9262,39
9263,26
9264,53
9265,74
9266,9
9267,24
9268,48
9269,13
9270,16
9271,60
9272,75
9273,48
9274,62
9275,86
9276,48
9277,56
9278,16
9279,53
9280,70
9281,81
9282,75
9283,75
9284,44
9285,8
9286,50
9287,17
9288,90
9289,70
9290,89
9291,76
9292,63
9293,49
9294,83
9295,99
9296,22
9297,62
9298,37
9299,53
9300,95
9301,10
9302,56
9303,70
9304,58
9305,92
9306,71
9307,94
9308,18
9309,48
9310,41
9311,52
9312,1
9313,24
9314,43
9315,82
9316,95
9317,39
9318,81
9319,83
9320,52
9321,66
9322,1
9323,53
9324,78
9325,74
9326,20
9327,56
9328,75
9329,8
9330,14
9331,5
9332,44
9333,83
9334,94
9335,93
9336,56
9337,0
9338,46
9339,46
9340,56
9341,75
9342,56
9343,95
9344,20
9345,81
9346,39
9347,9
9348,81
9349,51
9350,81
9351,75
9352,43
9353,34
9354,64
9355,83
9356,82
9357,69
9358,48
9359,38
9360,82
9361,75
9362,17
9363,29
9364,11
9365,20
9366,30
9367,75
9368,13
9369,22
9370,99
9371,83
9372,44
9373,13
9374,58
9375,41
9376,66
9377,91
9378,57
9379,98
9380,37
9381,1
9382,79
9383,24
9384,48
9385,62
9386,14
9387,14
9388,48
9389,56
9390,87
9391,73
9392,69
9393,21
9394,60
9395,88
9396,82
9397,20
9398,19
9399,59
9400,64
9401,13
9402,91
9403,7
9404,69
9405,66
9406,37
9407,49
9408,16
9409,20
9410,27
9411,56
9412,9
9413,69
9414,20
9415,61
9416,52
9417,32
9418,75
9419,75
9420,40
9421,39
9422,95
9423,99
9424,45
9425,90
9426,35
9427,52
9428,16
9429,58
9430,58
9431,82
9432,21
9433,43
9434,30
9435,0
9436,27
9437,75
9438,56
9439,29
9440,65
9441,99
9442,1
9443,92
9444,22
9445,22
9446,78
9447,87
9448,32
9449,53
9450,48
9451,52
9452,20
9453,46
9454,12
9455,14
9456,24
9457,67
9458,22
9459,97
9460,58
9461,93
9462,46
9463,44
9464,48
9465,87
9466,7
9467,87
9468,82
9469,41
9470,92
9471,53
9472,14
9473,98
9474,58
9475,44
9476,56
9477,24
9478,87
9479,75
9480,87
9481,71
9482,1
9483,13
9484,19
9485,1
9486,58
9487,6
9488,21
9489,61
9490,17
9491,16
9492,61
9493,0
9494,66
9495,75
9496,46
9497,24
9498,75
9499,23
9500,86
9501,98
9502,21
9503,53
9504,90
9505,91
9506,87
9507,78
9508,35
9509,48
9510,56
9511,19
9512,2
9513,52
9514,93
9515,71
9516,87
9517,73
9518,81
9519,91
9520,54
9521,73
9522,53
9523,21
9524,1
9525,26
9526,21
9527,69
9528,95
9529,91
9530,56
9531,26
9532,82
9533,19
9534,5
9535,75
9536,87
9537,1
9538,33
9539,8
9540,73
9541,49
9542,24
9543,3
9544,39
9545,73
9546,13
9547,86
9548,42
9549,71
9550,28
9551,48
9552,43
9553,48
9554,21
9555,16
9556,14
9557,18
9558,22
9559,58
9560,12
9561,83
9562,18
9563,62
9564,49
9565,92
9566,53
9567,7
9568,66
9569,99
9570,91
9571,23
9572,45
9573,78
9574,6
9575,88
9576,19
9577,95
9578,55
9579,98
9580,98
9581,90
9582,46
9583,13
9584,95
9585,43
9586,87
9587,61
9588,53
9589,87
9590,54
9591,95
9592,10
9593,20
9594,87
9595,83
9596,24
9597,71
9598,31
9599,68
9600,20
9601,1
9602,5
9603,16
9604,40
9605,41
9606,48
9607,75
9608,98
9609,51
9610,62
9611,24
9612,45
9613,43
9614,48
9615,48
9616,62
9617,32
9618,91
9619,75
9620,12
9621,56
9622,83
9623,67
9624,41
9625,39
9626,17
9627,98
9628,30
9629,53
9630,24
9631,15
9632,27
9633,92
9634,71
9635,40
9636,40
9637,40
9638,69
9639,62
9640,11
9641,23
9642,78
9643,37
9644,67
9645,43
9646,8
9647,15
9648,24
9649,18
9650,48
9651,60
9652,1
9653,23
9654,48
9655,16
9656,57
9657,94
9658,58
9659,62
9660,98
9661,53
9662,90
9663,13
9664,23
9665,38
9666,81
9667,78
9668,95
9669,20
9670,22
9671,86
9672,62
9673,14
9674,57
9675,56
9676,58
9677,39
9678,85
9679,74
9680,54
9681,53
9682,13
9683,40
9684,98
9685,17
9686,7
9687,82
9688,59
9689,49
9690,53
9691,47
9692,8
9693,39
9694,21
9695,13
9696,37
9697,69
9698,53
9699,38
9700,95
9701,89
9702,84
9703,1
9704,58
9705,24
9706,68
9707,30
9708,75
9709,97
9710,99
9711,82
9712,71
9713,48
9714,29
9715,78
9716,9
9717,73
9718,69
9719,93
9720,24
9721,91
9722,95
9723,56
9724,61
9725,83
9726,69
9727,53
9728,66
9729,87
9730,97
9731,62
9732,58
9733,86
9734,94
9735,24
9736,16
9737,1
9738,96
9739,90
9740,20
9741,7
9742,83
9743,14
9744,38
9745,87
9746,41
9747,66
9748,92
9749,13
9750,29
9751,75
9752,87
9753,5
9754,48
9755,9
9756,81
9757,31
9758,15
9759,46
9760,24
9761,52
9762,97
9763,21
9764,94
9765,49
9766,99
9767,58
9768,61
9769,1
9770,81
9771,13
9772,90
9773,95
9774,2
9775,82
9776,8
9777,48
9778,81
9779,73
9780,1
9781,18
9782,73
9783,75
9784,8
9785,96
9786,49
9787,86
9788,24
9789,9
9790,97
9791,28
9792,14
9793,17
9794,62
9795,73
9796,58
9797,85
9798,56
9799,58
9800,41
9801,81
9802,87
9803,66
9804,88
9805,86
9806,41
9807,58
9808,17
9809,87
9810,11
9811,98
9812,24
9813,74
9814,53
9815,13
9816,14
9817,58
9818,21
9819,76
9820,98
9821,52
9822,73
9823,44
9824,60
9825,38
9826,18
9827,48
9828,87
9829,13
9830,24
9831,53
9832,86
9833,48
9834,24
9835,58
9836,75
9837,56
9838,48
9839,46
9840,22
9841,24
9842,79
9843,11
9844,53
9845,44
9846,27
9847,51
9848,41
9849,83
9850,21
9851,4
9852,61
9853,43
9854,60
9855,68
9856,20
9857,81
9858,89
9859,75
9860,99
9861,93
9862,57
9863,82
9864,98
9865,70
9866,53
9867,69
9868,91
9869,89
9870,93
9871,58
9872,0
9873,87
9874,82
9875,75
9876,82
9877,33
9878,95
9879,95
9880,13
9881,75
9882,45
9883,19
9884,62
9885,7
9886,58
9887,46
9888,1
9889,51
9890,73
9891,53
9892,28
9893,78
9894,24
9895,91
9896,95
9897,62
9898,2
9899,93
9900,52
9901,99
9902,75
9903,95
9904,0
9905,71
9906,66
9907,13
9908,62
9909,31
9910,86
9911,6
9912,24
9913,1
9914,78
9915,91
9916,89
9917,66
9918,90
9919,69
9920,82
9921,21
9922,56
9923,96
9924,68
9925,76
9926,66
9927,58
9928,8
9929,14
9930,81
9931,93
9932,75
9933,62
9934,82
9935,87
9936,41
9937,95
9938,82
9939,13
9940,82
9941,78
9942,56
9943,70
9944,38
9945,6
9946,48
9947,43
9948,97
9949,6
9950,56
9951,18
9952,14
9953,48
9954,76
9955,51
9956,53
9957,45
9958,16
9959,73
9960,86
9961,51
9962,6
9963,86
9964,75
9965,97
9966,78
9967,56
9968,82
9969,13
9970,14
9971,58
9972,69
9973,68
9974,58
9975,14
9976,17
9977,92
9978,75
9979,30
9980,93
9981,47
9982,66
9983,14
9984,59
9985,89
9986,1
9987,14
9988,24
9989,7
9990,75
9991,95
9992,87
9993,95
9994,11
9995,83
9996,21
9997,83
9998,89
9999,92
